customer_id,customer_name,gender,dob,age,age_band,city,signup_date,credit_limit,credit_band
C0001,Rohan Sharma,F,1973-04-05,50,Age 45-54,Delhi,2022-02-19,150000,1L-3L
C0002,Vivaan Sharma,M,1971-04-17,52,Age 45-54,Lucknow,2018-09-07,300000,3L+
C0003,Meera Nair,M,1986-10-09,37,Age 35-44,Mumbai,2019-12-14,100000,1L-3L
C0004,Vikram Gupta,M,1979-02-03,44,Age 35-44,Pune,2018-06-28,100000,1L-3L
C0005,Divya Patel,M,2004-08-18,19,Age 18-24,Delhi,2021-02-18,100000,1L-3L
C0006,Divya Chopra,F,1994-04-23,29,Age 25-34,Delhi,2018-11-08,500000,3L+
C0007,Arjun Verma,M,1964-07-09,59,Age 55+,Ahmedabad,2020-03-12,100000,1L-3L
C0008,Amit Joshi,F,2002-11-21,21,Age 18-24,Delhi,2022-11-06,200000,1L-3L
C0009,Sanjay Gupta,F,1982-05-21,41,Age 35-44,Jaipur,2019-11-11,500000,3L+
C0010,Vivaan Singh,M,1978-07-09,45,Age 45-54,Delhi,2019-10-23,100000,1L-3L
C0011,Amit Joshi,F,1983-11-15,40,Age 35-44,Bengaluru,2020-03-08,300000,3L+
C0012,Meera Khan,F,1995-07-19,28,Age 25-34,Pune,2020-04-05,200000,1L-3L
C0013,Kavya Verma,M,1965-03-21,58,Age 55+,Bengaluru,2021-10-03,,Unknown
C0014,Neha Mehta,F,1991-05-18,32,Age 25-34,Mumbai,2018-11-18,500000,3L+
C0015,Vikram Kapoor,F,1965-05-14,58,Age 55+,Bengaluru,2021-01-24,300000,3L+
C0016,Unknown,M,1990-02-28,33,Age 25-34,Chennai,2022-10-07,75000,Below 1L
C0017,Anjali Kapoor,M,1992-09-01,31,Age 25-34,Lucknow,2020-08-01,50000,Below 1L
C0018,Anjali Chopra,F,1973-01-08,50,Age 45-54,Lucknow,2018-02-24,150000,1L-3L
C0019,Aditya Kapoor,M,1966-11-16,57,Age 55+,Jaipur,2019-05-17,500000,3L+
C0020,Divya Nair,M,,,Unknown,Hyderabad,2020-07-22,300000,3L+
C0021,Anjali Iyer,F,1965-04-08,58,Age 55+,Delhi,2020-01-19,,Unknown
C0022,Sanjay Mehta,M,1958-02-23,65,Age 55+,Mumbai,2019-02-02,500000,3L+
C0023,Priya Verma,M,,,Unknown,Hyderabad,2022-03-24,200000,1L-3L
C0024,Isha Iyer,M,1988-07-07,35,Age 35-44,Delhi,2018-11-14,100000,1L-3L
C0025,Pooja Nair,F,2004-01-22,19,Age 18-24,Delhi,2018-07-24,100000,1L-3L
C0026,Rohan Singh,M,1970-09-15,53,Age 45-54,Bengaluru,2021-03-09,150000,1L-3L
C0027,Sanjay Malhotra,M,1986-09-04,37,Age 35-44,Mumbai,2022-01-03,500000,3L+
C0028,Sanjay Gupta,F,1989-08-07,34,Age 25-34,Pune,2018-03-13,50000,Below 1L
C0029,Neha Patel,F,1976-07-23,47,Age 45-54,Jaipur,2021-03-07,100000,1L-3L
C0030,Amit Sharma,M,1978-01-02,45,Age 45-54,Lucknow,2021-09-28,200000,1L-3L
C0031,Rahul Sharma,M,1969-02-20,54,Age 45-54,Delhi,2019-07-04,200000,1L-3L
C0032,Sanjay Mehta,M,1997-02-14,26,Age 25-34,Lucknow,2022-09-11,100000,1L-3L
C0033,Amit Joshi,F,1973-05-13,50,Age 45-54,Bengaluru,2020-08-11,500000,3L+
C0034,Aditya Sharma,F,1997-10-04,26,Age 25-34,Delhi,2022-04-17,100000,1L-3L
C0035,Karan Chopra,F,1962-04-12,61,Age 55+,Chennai,2019-08-27,200000,1L-3L
C0036,Arjun Mehta,M,2000-09-10,23,Age 18-24,Delhi,2019-05-04,50000,Below 1L
C0037,Meera Gupta,F,1976-10-07,47,Age 45-54,Kolkata,2019-11-21,500000,3L+
C0038,Vikram Khan,F,1974-01-03,49,Age 45-54,Pune,2020-01-01,100000,1L-3L
C0039,Karan Joshi,F,1968-12-15,55,Age 55+,Jaipur,2021-09-01,50000,Below 1L
C0040,Aditya Chopra,M,1992-01-27,31,Age 25-34,Kolkata,2022-09-05,150000,1L-3L
C0041,Karan Sharma,F,1981-01-12,42,Age 35-44,Hyderabad,2019-11-04,100000,1L-3L
C0042,Meera Chopra,F,1997-12-05,26,Age 25-34,Hyderabad,2019-03-14,,Unknown
C0043,Rahul Das,F,1984-11-28,39,Age 35-44,Hyderabad,2020-03-26,300000,3L+
C0044,Rohan Nair,M,1988-04-07,35,Age 35-44,Ahmedabad,2020-05-27,,Unknown
C0045,Sanjay Singh,M,2000-04-13,23,Age 18-24,Kolkata,2020-02-25,100000,1L-3L
C0046,Anjali Joshi,F,2001-09-11,22,Age 18-24,Mumbai,2018-05-06,200000,1L-3L
C0047,Vikram Sharma,M,1996-07-12,27,Age 25-34,Kolkata,2021-10-17,50000,Below 1L
C0048,Neha Chopra,M,1974-01-23,49,Age 45-54,Pune,2018-09-26,200000,1L-3L
C0049,Amit Reddy,F,1962-11-11,61,Age 55+,Lucknow,2020-11-28,50000,Below 1L
C0050,Arjun Khan,F,2000-07-11,23,Age 18-24,Pune,2020-09-05,75000,Below 1L
C0051,Pooja Joshi,F,2001-12-06,22,Age 18-24,Lucknow,2022-05-13,200000,1L-3L
C0052,Aarav Patel,F,,,Unknown,Lucknow,2022-11-11,150000,1L-3L
C0053,Sneha Iyer,M,1990-08-26,33,Age 25-34,Bengaluru,2018-05-17,300000,3L+
C0054,Divya Reddy,M,1973-11-10,50,Age 45-54,Hyderabad,2019-03-01,50000,Below 1L
C0055,Sanjay Iyer,M,1987-07-21,36,Age 35-44,Lucknow,2019-12-23,150000,1L-3L
C0056,Unknown,M,1967-11-23,56,Age 55+,Mumbai,2018-07-08,75000,Below 1L
C0057,Riya Iyer,M,1993-04-28,30,Age 25-34,Delhi,2021-03-26,150000,1L-3L
C0058,Riya Khan,F,1986-10-27,37,Age 35-44,Jaipur,2021-09-15,75000,Below 1L
C0059,Kavya Iyer,F,1973-11-09,50,Age 45-54,Jaipur,2021-11-08,100000,1L-3L
C0060,Sneha Verma,F,1973-05-11,50,Age 45-54,Kolkata,2022-02-05,75000,Below 1L
C0061,Sanjay Nair,M,2003-04-03,20,Age 18-24,Pune,2021-06-18,150000,1L-3L
C0062,Pooja Sharma,M,1984-07-25,39,Age 35-44,Lucknow,2018-10-13,150000,1L-3L
C0063,Aarav Reddy,F,1982-07-18,41,Age 35-44,Jaipur,2022-04-16,75000,Below 1L
C0064,Vikram Nair,M,1959-07-11,64,Age 55+,Pune,2019-08-05,200000,1L-3L
C0065,Meera Sharma,F,1995-10-22,28,Age 25-34,Mumbai,2018-11-14,75000,Below 1L
C0066,Sneha Gupta,M,1974-07-11,49,Age 45-54,Hyderabad,2021-06-11,500000,3L+
C0067,Neha Patel,F,1974-02-16,49,Age 45-54,Mumbai,2022-01-12,75000,Below 1L
C0068,Aditya Kapoor,M,1959-04-07,64,Age 55+,Mumbai,2022-03-08,75000,Below 1L
C0069,Kavya Joshi,Unknown,1994-04-15,29,Age 25-34,Chennai,2020-03-20,200000,1L-3L
C0070,Rohan Kapoor,M,1977-02-19,46,Age 45-54,Mumbai,2020-10-22,150000,1L-3L
C0071,Neha Das,M,1962-10-23,61,Age 55+,Hyderabad,2018-12-25,100000,1L-3L
C0072,Divya Kapoor,M,1994-01-12,29,Age 25-34,Jaipur,2021-11-12,50000,Below 1L
C0073,Riya Joshi,F,1958-07-27,65,Age 55+,Ahmedabad,2018-07-12,300000,3L+
C0074,Sneha Das,M,,,Unknown,Jaipur,2020-10-26,200000,1L-3L
C0075,Kavya Iyer,F,2004-10-09,19,Age 18-24,Kolkata,2019-02-09,150000,1L-3L
C0076,Sanjay Kapoor,F,1994-10-22,29,Age 25-34,Pune,2020-01-16,500000,3L+
C0077,Priya Gupta,F,1971-06-26,52,Age 45-54,Chennai,2020-05-20,300000,3L+
C0078,Vikram Khan,M,1991-04-03,32,Age 25-34,Hyderabad,2021-08-18,500000,3L+
C0079,Sanjay Das,F,1999-12-16,24,Age 18-24,Ahmedabad,2018-02-10,75000,Below 1L
C0080,Neha Das,M,1977-11-19,46,Age 45-54,Kolkata,2021-09-17,100000,1L-3L
C0081,Pooja Das,F,1980-12-15,43,Age 35-44,Chennai,2020-05-08,50000,Below 1L
C0082,Amit Reddy,M,1992-12-06,31,Age 25-34,Hyderabad,2019-12-16,100000,1L-3L
C0083,Isha Kapoor,F,1964-04-10,59,Age 55+,Hyderabad,2020-03-10,50000,Below 1L
C0084,Meera Gupta,F,1960-01-18,63,Age 55+,Chennai,2019-11-28,500000,3L+
C0085,Kavya Verma,M,1994-05-16,29,Age 25-34,Ahmedabad,2021-06-06,50000,Below 1L
C0086,Vikram Malhotra,F,1965-02-13,58,Age 55+,Ahmedabad,2018-10-21,300000,3L+
C0087,Vivaan Gupta,M,1994-05-03,29,Age 25-34,Hyderabad,2018-09-25,150000,1L-3L
C0088,Divya Mehta,M,1991-07-15,32,Age 25-34,Ahmedabad,2020-10-14,100000,1L-3L
C0089,Isha Mehta,M,1997-12-04,26,Age 25-34,Hyderabad,2019-05-22,50000,Below 1L
C0090,Rahul Singh,M,1993-02-06,30,Age 25-34,Mumbai,2021-08-23,200000,1L-3L
C0091,Kavya Patel,M,1972-05-23,51,Age 45-54,Chennai,2021-02-22,75000,Below 1L
C0092,Vikram Kapoor,M,1985-02-18,38,Age 35-44,Hyderabad,2019-05-27,75000,Below 1L
C0093,Aditya Sharma,M,1977-10-24,46,Age 45-54,Lucknow,2020-08-04,150000,1L-3L
C0094,Arjun Das,F,1975-09-18,48,Age 45-54,Ahmedabad,2021-02-20,50000,Below 1L
C0095,Pooja Das,F,1996-05-01,27,Age 25-34,Delhi,2019-11-27,500000,3L+
C0096,Isha Mehta,M,2001-05-19,22,Age 18-24,Mumbai,2019-08-17,300000,3L+
C0097,Sneha Chopra,F,1969-10-14,54,Age 45-54,Ahmedabad,2018-08-12,150000,1L-3L
C0098,Priya Reddy,M,1968-06-14,55,Age 55+,Ahmedabad,2020-11-13,500000,3L+
C0099,Meera Sharma,F,1963-06-09,60,Age 55+,Kolkata,2018-07-28,200000,1L-3L
C0100,Aarav Joshi,F,1984-01-07,39,Age 35-44,Jaipur,2020-10-25,150000,1L-3L
C0101,Sneha Kapoor,M,1971-05-18,52,Age 45-54,Bengaluru,2020-08-23,150000,1L-3L
C0102,Rohan Sharma,M,2003-03-10,20,Age 18-24,Jaipur,2018-09-14,50000,Below 1L
C0103,Sanjay Malhotra,M,1987-02-21,36,Age 35-44,Bengaluru,2021-12-10,200000,1L-3L
C0104,Vikram Nair,F,1988-04-15,35,Age 35-44,Jaipur,2019-07-07,200000,1L-3L
C0105,Riya Das,M,1962-05-25,61,Age 55+,Pune,2020-09-09,500000,3L+
C0106,Aarav Patel,F,1995-10-22,28,Age 25-34,Ahmedabad,2019-08-18,150000,1L-3L
C0107,Anjali Reddy,F,1987-06-28,36,Age 35-44,Hyderabad,2019-10-13,75000,Below 1L
C0108,Pooja Sharma,F,1988-12-26,35,Age 35-44,Pune,2021-11-26,500000,3L+
C0109,Karan Iyer,M,1966-09-19,57,Age 55+,Kolkata,2018-08-04,200000,1L-3L
C0110,Sneha Sharma,M,1984-11-05,39,Age 35-44,Delhi,2021-05-11,200000,1L-3L
C0111,Neha Joshi,M,1979-11-28,44,Age 35-44,Jaipur,2021-06-21,300000,3L+
C0112,Kavya Malhotra,M,1997-02-08,26,Age 25-34,Chennai,2019-12-03,150000,1L-3L
C0113,Rohan Kapoor,M,1986-03-23,37,Age 35-44,Chennai,2018-01-11,500000,3L+
C0114,Vivaan Patel,F,,,Unknown,Hyderabad,2022-07-19,300000,3L+
C0115,Rahul Gupta,M,1963-10-28,60,Age 55+,Pune,2022-11-08,150000,1L-3L
C0116,Isha Gupta,M,1987-11-09,36,Age 35-44,Ahmedabad,2020-11-01,500000,3L+
C0117,Sneha Chopra,F,2001-09-06,22,Age 18-24,Delhi,2021-06-19,100000,1L-3L
C0118,Pooja Das,Unknown,1987-05-07,36,Age 35-44,Pune,2021-02-08,150000,1L-3L
C0119,Isha Reddy,F,2002-05-01,21,Age 18-24,Pune,2020-01-19,500000,3L+
C0120,Vivaan Chopra,F,1976-04-20,47,Age 45-54,Kolkata,2019-11-07,200000,1L-3L
C0121,Vikram Joshi,M,1998-02-21,25,Age 25-34,Mumbai,2020-08-02,200000,1L-3L
C0122,Anjali Das,M,1963-05-11,60,Age 55+,Pune,2019-04-05,500000,3L+
C0123,Meera Chopra,F,1991-09-09,32,Age 25-34,Bengaluru,2020-08-26,100000,1L-3L
C0124,Priya Kapoor,M,1987-02-05,36,Age 35-44,Hyderabad,2021-09-12,50000,Below 1L
C0125,Neha Sharma,F,1992-02-15,31,Age 25-34,Kolkata,2020-10-13,500000,3L+
C0126,Anjali Verma,M,,,Unknown,Jaipur,2020-10-08,300000,3L+
C0127,Aditya Joshi,F,2002-05-21,21,Age 18-24,Pune,2018-03-02,50000,Below 1L
C0128,Arjun Iyer,M,1964-04-18,59,Age 55+,Bengaluru,2021-08-12,300000,3L+
C0129,Meera Nair,M,1984-11-04,39,Age 35-44,Ahmedabad,2022-07-09,50000,Below 1L
C0130,Anjali Singh,F,1986-04-28,37,Age 35-44,Kolkata,2018-11-12,200000,1L-3L
C0131,Anjali Sharma,F,1975-04-04,48,Age 45-54,Ahmedabad,2018-11-07,300000,3L+
C0132,Divya Sharma,M,1979-04-05,44,Age 35-44,Lucknow,2019-02-27,500000,3L+
C0133,Meera Singh,M,1972-06-25,51,Age 45-54,Bengaluru,2022-01-09,500000,3L+
C0134,Karan Gupta,F,1969-02-22,54,Age 45-54,Mumbai,2019-01-12,500000,3L+
C0135,Sanjay Mehta,F,1959-03-09,64,Age 55+,Mumbai,2019-12-14,200000,1L-3L
C0136,Rohan Das,M,1988-08-25,35,Age 35-44,Kolkata,2022-10-04,150000,1L-3L
C0137,Riya Singh,M,2004-11-17,19,Age 18-24,Chennai,2021-11-01,50000,Below 1L
C0138,Kavya Malhotra,F,1985-11-04,38,Age 35-44,Ahmedabad,2021-02-03,100000,1L-3L
C0139,Divya Gupta,M,1966-05-20,57,Age 55+,Lucknow,2022-12-11,150000,1L-3L
C0140,Divya Khan,F,1987-09-20,36,Age 35-44,Pune,2018-12-04,500000,3L+
C0141,Meera Das,M,1985-08-08,38,Age 35-44,Pune,2020-08-13,150000,1L-3L
C0142,Rohan Reddy,F,,,Unknown,Kolkata,2019-11-16,50000,Below 1L
C0143,Aditya Malhotra,M,1963-07-04,60,Age 55+,Kolkata,2019-09-02,200000,1L-3L
C0144,Meera Khan,F,,,Unknown,Kolkata,2021-12-02,100000,1L-3L
C0145,Divya Patel,F,1964-10-17,59,Age 55+,Hyderabad,2019-11-16,75000,Below 1L
C0146,Rohan Reddy,F,1965-05-19,58,Age 55+,Hyderabad,2021-09-25,500000,3L+
C0147,Divya Mehta,M,1996-11-27,27,Age 25-34,Chennai,2018-03-09,300000,3L+
C0148,Arjun Chopra,M,1980-01-06,43,Age 35-44,Bengaluru,2022-11-13,50000,Below 1L
C0149,Karan Das,M,1963-12-17,60,Age 55+,Hyderabad,2021-07-15,100000,1L-3L
C0150,Rahul Reddy,F,2004-06-25,19,Age 18-24,Lucknow,2022-02-02,75000,Below 1L
C0151,Rahul Kapoor,M,2001-02-09,22,Age 18-24,Ahmedabad,2021-08-20,150000,1L-3L
C0152,Pooja Patel,M,1990-02-12,33,Age 25-34,Pune,2018-05-22,300000,3L+
C0153,Isha Iyer,F,1960-04-13,63,Age 55+,Lucknow,2018-01-07,100000,1L-3L
C0154,Amit Kapoor,M,1974-05-11,49,Age 45-54,Delhi,2018-08-24,150000,1L-3L
C0155,Rahul Gupta,F,1992-12-08,31,Age 25-34,Jaipur,2022-11-26,100000,1L-3L
C0156,Aditya Nair,M,1985-01-15,38,Age 35-44,Delhi,2020-10-14,200000,1L-3L
C0157,Neha Das,F,1976-02-13,47,Age 45-54,Mumbai,2020-03-26,200000,1L-3L
C0158,Sneha Malhotra,F,1963-07-28,60,Age 55+,Delhi,2019-07-19,150000,1L-3L
C0159,Riya Verma,F,1977-12-11,46,Age 45-54,Hyderabad,2020-03-03,200000,1L-3L
C0160,Rohan Khan,F,1980-06-24,43,Age 35-44,Bengaluru,2019-02-05,100000,1L-3L
C0161,Amit Gupta,M,1999-02-06,24,Age 18-24,Ahmedabad,2021-10-25,200000,1L-3L
C0162,Sneha Joshi,F,1998-06-05,25,Age 25-34,Ahmedabad,2018-08-15,300000,3L+
C0163,Arjun Kapoor,F,1995-01-12,28,Age 25-34,Jaipur,2018-05-15,150000,1L-3L
C0164,Vivaan Sharma,F,1976-02-21,47,Age 45-54,Delhi,2022-10-17,150000,1L-3L
C0165,Sneha Mehta,M,1986-10-21,37,Age 35-44,Hyderabad,2020-10-16,200000,1L-3L
C0166,Karan Sharma,F,1964-06-23,59,Age 55+,Delhi,2022-11-06,50000,Below 1L
C0167,Sanjay Das,M,1986-09-17,37,Age 35-44,Lucknow,2019-06-12,100000,1L-3L
C0168,Neha Nair,F,2001-10-02,22,Age 18-24,Kolkata,2018-06-04,200000,1L-3L
C0169,Neha Patel,F,2004-11-20,19,Age 18-24,Bengaluru,2020-02-19,300000,3L+
C0170,Karan Chopra,F,1977-11-23,46,Age 45-54,Pune,2019-10-23,50000,Below 1L
C0171,Arjun Khan,F,1999-06-27,24,Age 18-24,Bengaluru,2022-02-21,300000,3L+
C0172,Pooja Khan,F,1959-06-10,64,Age 55+,Bengaluru,2019-06-25,150000,1L-3L
C0173,Amit Singh,M,1967-02-10,56,Age 55+,Delhi,2022-09-27,300000,3L+
C0174,Riya Sharma,F,1997-03-20,26,Age 25-34,Pune,2019-03-06,500000,3L+
C0175,Divya Kapoor,M,2004-08-02,19,Age 18-24,Pune,2020-11-24,75000,Below 1L
C0176,Sneha Mehta,F,1986-04-18,37,Age 35-44,Hyderabad,2020-08-27,75000,Below 1L
C0177,Anjali Joshi,F,1987-05-25,36,Age 35-44,Pune,2022-09-14,75000,Below 1L
C0178,Amit Kapoor,M,1974-01-21,49,Age 45-54,Ahmedabad,2020-09-04,300000,3L+
C0179,Riya Malhotra,M,1976-02-25,47,Age 45-54,Bengaluru,2020-08-17,75000,Below 1L
C0180,Pooja Verma,M,1986-06-01,37,Age 35-44,Pune,2018-07-17,100000,1L-3L
C0181,Sanjay Nair,M,1981-04-01,42,Age 35-44,Kolkata,2018-12-21,100000,1L-3L
C0182,Karan Gupta,M,1976-08-23,47,Age 45-54,Bengaluru,2021-08-20,50000,Below 1L
C0183,Aditya Sharma,F,1971-03-18,52,Age 45-54,Lucknow,2022-07-04,500000,3L+
C0184,Arjun Singh,F,,,Unknown,Pune,2022-08-03,50000,Below 1L
C0185,Kavya Mehta,M,1998-09-19,25,Age 25-34,Hyderabad,2019-05-14,50000,Below 1L
C0186,Divya Reddy,M,1994-07-06,29,Age 25-34,Delhi,2022-06-03,200000,1L-3L
C0187,Meera Khan,M,1982-08-02,41,Age 35-44,Pune,2020-05-24,50000,Below 1L
C0188,Anjali Kapoor,M,1980-04-24,43,Age 35-44,Delhi,2022-12-25,100000,1L-3L
C0189,Karan Sharma,F,1992-06-27,31,Age 25-34,Bengaluru,2021-12-16,300000,3L+
C0190,Rahul Kapoor,M,1962-12-25,61,Age 55+,Ahmedabad,2018-05-07,50000,Below 1L
C0191,Amit Chopra,F,1978-05-17,45,Age 45-54,Pune,2022-08-09,50000,Below 1L
C0192,Amit Patel,F,1961-11-11,62,Age 55+,Chennai,2018-06-14,150000,1L-3L
C0193,Sneha Chopra,F,1979-03-16,44,Age 35-44,Ahmedabad,2020-09-09,500000,3L+
C0194,Aditya Das,F,1963-07-20,60,Age 55+,Bengaluru,2022-05-11,50000,Below 1L
C0195,Aditya Reddy,F,1977-08-20,46,Age 45-54,Pune,2019-12-15,100000,1L-3L
C0196,Sneha Sharma,F,1997-07-09,26,Age 25-34,Mumbai,2018-11-21,150000,1L-3L
C0197,Anjali Khan,M,1959-03-28,64,Age 55+,Lucknow,2021-01-05,50000,Below 1L
C0198,Sanjay Kapoor,F,1981-07-19,42,Age 35-44,Mumbai,2022-03-22,150000,1L-3L
C0199,Anjali Reddy,F,1962-10-05,61,Age 55+,Jaipur,2020-07-11,300000,3L+
C0200,Vikram Singh,M,1959-12-06,64,Age 55+,Ahmedabad,2022-07-18,50000,Below 1L
C0201,Vikram Kapoor,F,2003-08-07,20,Age 18-24,Lucknow,2020-12-16,75000,Below 1L
C0202,Rohan Gupta,M,1986-03-23,37,Age 35-44,Ahmedabad,2018-11-28,100000,1L-3L
C0203,Anjali Das,F,1993-09-10,30,Age 25-34,Chennai,2019-12-23,300000,3L+
C0204,Rahul Kapoor,F,1990-04-04,33,Age 25-34,Hyderabad,2019-04-26,150000,1L-3L
C0205,Aarav Reddy,F,1987-09-05,36,Age 35-44,Lucknow,2018-02-10,150000,1L-3L
C0206,Kavya Khan,F,1984-10-03,39,Age 35-44,Bengaluru,2020-11-03,,Unknown
C0207,Sneha Joshi,F,1966-09-21,57,Age 55+,Lucknow,2019-03-14,200000,1L-3L
C0208,Vivaan Malhotra,M,1991-03-10,32,Age 25-34,Bengaluru,2019-06-23,75000,Below 1L
C0209,Anjali Khan,F,1963-05-07,60,Age 55+,Jaipur,2020-03-21,100000,1L-3L
C0210,Divya Khan,M,1990-11-06,33,Age 25-34,Lucknow,2022-03-06,300000,3L+
C0211,Divya Das,F,1994-01-27,29,Age 25-34,Mumbai,2018-01-21,500000,3L+
C0212,Isha Patel,M,1994-07-20,29,Age 25-34,Mumbai,2021-11-18,100000,1L-3L
C0213,Arjun Iyer,M,2001-07-10,22,Age 18-24,Ahmedabad,2018-12-02,75000,Below 1L
C0214,Sneha Nair,M,1987-04-11,36,Age 35-44,Lucknow,2019-06-28,300000,3L+
C0215,Priya Das,F,1983-03-25,40,Age 35-44,Kolkata,2022-09-04,100000,1L-3L
C0216,Sanjay Iyer,M,1975-08-08,48,Age 45-54,Bengaluru,2018-01-10,150000,1L-3L
C0217,Divya Nair,M,,,Unknown,Kolkata,2019-03-16,200000,1L-3L
C0218,Sneha Iyer,F,1989-01-03,34,Age 25-34,Pune,2022-08-08,75000,Below 1L
C0219,Isha Reddy,M,1961-05-16,62,Age 55+,Lucknow,2021-05-18,50000,Below 1L
C0220,Rohan Nair,M,1974-12-12,49,Age 45-54,Pune,2020-01-13,50000,Below 1L
C0221,Isha Khan,M,1981-09-10,42,Age 35-44,Delhi,2021-09-15,500000,3L+
C0222,Meera Patel,M,1966-02-13,57,Age 55+,Kolkata,2020-09-12,500000,3L+
C0223,Karan Singh,F,1990-01-02,33,Age 25-34,Mumbai,2019-12-11,500000,3L+
C0224,Kavya Khan,F,1967-10-17,56,Age 55+,Bengaluru,2020-10-11,75000,Below 1L
C0225,Neha Mehta,F,1995-06-17,28,Age 25-34,Jaipur,2022-08-23,,Unknown
C0226,Arjun Iyer,M,1981-06-22,42,Age 35-44,Delhi,2021-10-10,500000,3L+
C0227,Aarav Mehta,F,1974-11-26,49,Age 45-54,Lucknow,2022-04-24,,Unknown
C0228,Isha Iyer,M,1991-11-24,32,Age 25-34,Lucknow,2021-03-27,300000,3L+
C0229,Sanjay Sharma,M,1970-01-15,53,Age 45-54,Kolkata,2021-03-14,300000,3L+
C0230,Amit Nair,F,2004-01-23,19,Age 18-24,Bengaluru,2022-04-18,100000,1L-3L
C0231,Kavya Khan,F,1978-03-15,45,Age 45-54,Jaipur,2020-09-12,300000,3L+
C0232,Vikram Mehta,F,1970-04-09,53,Age 45-54,Jaipur,2020-04-10,,Unknown
C0233,Arjun Das,M,2002-12-16,21,Age 18-24,Kolkata,2021-06-18,500000,3L+
C0234,Vikram Patel,M,1994-11-18,29,Age 25-34,Pune,2021-06-25,500000,3L+
C0235,Karan Patel,M,1976-12-03,47,Age 45-54,Kolkata,2021-11-09,300000,3L+
C0236,Kavya Singh,M,1992-05-18,31,Age 25-34,Chennai,2019-02-20,300000,3L+
C0237,Isha Singh,F,1961-11-17,62,Age 55+,Hyderabad,2019-01-04,150000,1L-3L
C0238,Priya Das,F,1964-11-25,59,Age 55+,Bengaluru,2018-09-06,150000,1L-3L
C0239,Kavya Iyer,Unknown,1976-06-10,47,Age 45-54,Mumbai,2018-11-19,75000,Below 1L
C0240,Meera Das,M,1969-07-27,54,Age 45-54,Bengaluru,2018-07-26,150000,1L-3L
C0241,Rahul Chopra,F,1960-01-10,63,Age 55+,Lucknow,2022-02-11,100000,1L-3L
C0242,Sneha Joshi,F,1966-09-15,57,Age 55+,Chennai,2019-02-11,75000,Below 1L
C0243,Sneha Joshi,F,2003-03-01,20,Age 18-24,Kolkata,2020-10-22,500000,3L+
C0244,Amit Gupta,F,1985-09-11,38,Age 35-44,Delhi,2021-11-04,75000,Below 1L
C0245,Karan Iyer,F,1973-01-09,50,Age 45-54,Pune,2019-08-25,100000,1L-3L
C0246,Priya Patel,M,1974-11-12,49,Age 45-54,Hyderabad,2018-11-04,150000,1L-3L
C0247,Arjun Gupta,F,2001-09-23,22,Age 18-24,Chennai,2018-11-10,100000,1L-3L
C0248,Divya Singh,M,1966-08-05,57,Age 55+,Ahmedabad,2022-06-14,300000,3L+
C0249,Meera Chopra,F,1992-11-27,31,Age 25-34,Hyderabad,2019-11-25,200000,1L-3L
C0250,Aditya Khan,F,1991-12-12,32,Age 25-34,Delhi,2022-02-02,500000,3L+
C0251,Meera Chopra,M,1994-09-05,29,Age 25-34,Bengaluru,2020-09-15,50000,Below 1L
C0252,Amit Das,F,1963-09-15,60,Age 55+,Mumbai,2021-03-17,150000,1L-3L
C0253,Sneha Mehta,M,1993-08-22,30,Age 25-34,Chennai,2018-07-09,500000,3L+
C0254,Aarav Das,M,1995-02-02,28,Age 25-34,Pune,2020-12-03,200000,1L-3L
C0255,Vivaan Chopra,M,1988-01-10,35,Age 35-44,Pune,2019-03-25,300000,3L+
C0256,Pooja Reddy,F,1986-07-13,37,Age 35-44,Delhi,2022-03-21,500000,3L+
C0257,Anjali Verma,M,1992-07-17,31,Age 25-34,Bengaluru,2019-01-25,,Unknown
C0258,Arjun Iyer,F,1992-07-27,31,Age 25-34,Hyderabad,2019-08-12,,Unknown
C0259,Vikram Singh,M,1960-11-14,63,Age 55+,Lucknow,2018-04-07,50000,Below 1L
C0260,Rohan Mehta,M,1986-10-22,37,Age 35-44,Mumbai,2019-12-02,150000,1L-3L
C0261,Sneha Singh,F,1961-03-17,62,Age 55+,Chennai,2019-12-19,100000,1L-3L
C0262,Isha Mehta,M,1973-05-05,50,Age 45-54,Jaipur,2019-07-10,100000,1L-3L
C0263,Vivaan Khan,M,,,Unknown,Jaipur,2021-01-12,300000,3L+
C0264,Neha Kapoor,F,2002-07-14,21,Age 18-24,Bengaluru,2020-07-06,,Unknown
C0265,Meera Iyer,M,1972-05-28,51,Age 45-54,Bengaluru,2021-01-18,150000,1L-3L
C0266,Pooja Khan,M,1982-04-09,41,Age 35-44,Hyderabad,2020-11-03,150000,1L-3L
C0267,Anjali Verma,M,1961-05-13,62,Age 55+,Lucknow,2022-01-28,50000,Below 1L
C0268,Amit Kapoor,M,1988-04-28,35,Age 35-44,Kolkata,2020-01-07,75000,Below 1L
C0269,Rohan Das,F,1973-12-20,50,Age 45-54,Hyderabad,2021-04-18,100000,1L-3L
C0270,Arjun Nair,F,1992-11-12,31,Age 25-34,Chennai,2020-06-17,150000,1L-3L
C0271,Sneha Verma,F,1978-04-12,45,Age 45-54,Kolkata,2021-01-19,500000,3L+
C0272,Sanjay Das,M,1959-05-18,64,Age 55+,Lucknow,2022-12-14,100000,1L-3L
C0273,Karan Singh,F,1972-07-19,51,Age 45-54,Hyderabad,2021-09-21,300000,3L+
C0274,Priya Patel,F,2004-11-24,19,Age 18-24,Ahmedabad,2021-03-24,500000,3L+
C0275,Anjali Gupta,M,2004-09-16,19,Age 18-24,Bengaluru,2022-11-02,200000,1L-3L
C0276,Vivaan Malhotra,M,2000-01-25,23,Age 18-24,Mumbai,2021-03-27,300000,3L+
C0277,Sanjay Verma,M,1958-04-17,65,Age 55+,Ahmedabad,2020-01-20,300000,3L+
C0278,Divya Chopra,F,2000-08-01,23,Age 18-24,Mumbai,2022-09-14,50000,Below 1L
C0279,Aarav Khan,F,1992-05-01,31,Age 25-34,Jaipur,2021-03-04,50000,Below 1L
C0280,Riya Gupta,M,1970-10-17,53,Age 45-54,Chennai,2020-05-26,150000,1L-3L
C0281,Aditya Reddy,F,1987-10-08,36,Age 35-44,Hyderabad,2020-11-27,500000,3L+
C0282,Aditya Joshi,Unknown,1963-07-13,60,Age 55+,Pune,2022-08-02,300000,3L+
C0283,Aarav Das,M,1963-08-28,60,Age 55+,Pune,2020-10-28,50000,Below 1L
C0284,Riya Chopra,M,1972-04-28,51,Age 45-54,Lucknow,2021-05-02,50000,Below 1L
C0285,Vikram Chopra,M,1969-06-01,54,Age 45-54,Hyderabad,2022-03-25,500000,3L+
C0286,Neha Chopra,M,1977-03-19,46,Age 45-54,Hyderabad,2022-07-22,200000,1L-3L
C0287,Priya Nair,M,2002-12-03,21,Age 18-24,Jaipur,2020-01-04,150000,1L-3L
C0288,Sanjay Malhotra,M,1979-10-25,44,Age 35-44,Lucknow,2022-07-25,100000,1L-3L
C0289,Aarav Joshi,F,1986-08-08,37,Age 35-44,Kolkata,2022-07-14,75000,Below 1L
C0290,Isha Joshi,F,1963-10-10,60,Age 55+,Hyderabad,2018-02-09,75000,Below 1L
C0291,Neha Das,M,1982-06-12,41,Age 35-44,Delhi,2018-01-10,150000,1L-3L
C0292,Anjali Kapoor,F,1964-03-03,59,Age 55+,Bengaluru,2021-08-18,200000,1L-3L
C0293,Riya Nair,M,1959-02-12,64,Age 55+,Jaipur,2018-10-20,500000,3L+
C0294,Priya Malhotra,F,1958-05-14,65,Age 55+,Pune,2018-12-18,75000,Below 1L
C0295,Isha Khan,M,2001-07-06,22,Age 18-24,Bengaluru,2020-05-09,150000,1L-3L
C0296,Karan Verma,M,1985-05-14,38,Age 35-44,Chennai,2021-02-12,100000,1L-3L
C0297,Sanjay Das,F,1996-10-07,27,Age 25-34,Ahmedabad,2018-03-10,50000,Below 1L
C0298,Neha Reddy,F,1979-08-11,44,Age 35-44,Pune,2022-03-10,100000,1L-3L
C0299,Divya Das,M,1988-06-06,35,Age 35-44,Pune,2020-05-24,300000,3L+
C0300,Kavya Mehta,M,1978-07-09,45,Age 45-54,Pune,2020-02-19,75000,Below 1L
C0301,Isha Khan,M,2001-09-01,22,Age 18-24,Ahmedabad,2019-08-26,100000,1L-3L
C0302,Aditya Malhotra,F,2001-08-05,22,Age 18-24,Chennai,2019-05-22,75000,Below 1L
C0303,Pooja Kapoor,F,1962-08-20,61,Age 55+,Ahmedabad,2022-07-18,200000,1L-3L
C0304,Pooja Khan,M,1981-12-26,42,Age 35-44,Jaipur,2022-11-03,50000,Below 1L
C0305,Sanjay Joshi,F,1968-11-20,55,Age 55+,Mumbai,2022-11-22,300000,3L+
C0306,Neha Kapoor,F,1985-02-01,38,Age 35-44,Delhi,2020-04-17,300000,3L+
C0307,Riya Khan,M,1986-06-13,37,Age 35-44,Ahmedabad,2022-12-17,75000,Below 1L
C0308,Anjali Sharma,F,1964-05-14,59,Age 55+,Delhi,2018-12-05,100000,1L-3L
C0309,Arjun Reddy,F,1971-09-16,52,Age 45-54,Kolkata,2021-02-15,300000,3L+
C0310,Sneha Reddy,M,1977-01-26,46,Age 45-54,Delhi,2018-06-21,50000,Below 1L
C0311,Rahul Chopra,F,1991-03-18,32,Age 25-34,Bengaluru,2020-09-14,150000,1L-3L
C0312,Sanjay Kapoor,F,1998-03-06,25,Age 25-34,Pune,2021-01-24,,Unknown
C0313,Amit Iyer,F,1982-01-23,41,Age 35-44,Hyderabad,2019-05-25,300000,3L+
C0314,Aditya Mehta,M,1992-03-12,31,Age 25-34,Kolkata,2019-08-04,100000,1L-3L
C0315,Kavya Khan,F,1996-07-20,27,Age 25-34,Pune,2022-02-12,100000,1L-3L
C0316,Sneha Mehta,M,2001-12-26,22,Age 18-24,Chennai,2022-10-03,300000,3L+
C0317,Karan Reddy,M,1973-05-04,50,Age 45-54,Bengaluru,2020-12-05,200000,1L-3L
C0318,Neha Nair,M,1994-07-14,29,Age 25-34,Bengaluru,2021-11-18,300000,3L+
C0319,Rahul Khan,M,1989-05-05,34,Age 25-34,Bengaluru,2020-08-20,50000,Below 1L
C0320,Anjali Sharma,F,1966-04-27,57,Age 55+,Pune,2022-09-21,150000,1L-3L
C0321,Pooja Joshi,F,1984-12-27,39,Age 35-44,Ahmedabad,2021-03-03,200000,1L-3L
C0322,Aarav Kapoor,M,1976-01-09,47,Age 45-54,Hyderabad,2022-05-06,500000,3L+
C0323,Sneha Mehta,F,1993-09-04,30,Age 25-34,Lucknow,2018-05-25,200000,1L-3L
C0324,Anjali Khan,M,2004-08-18,19,Age 18-24,Hyderabad,2021-02-24,500000,3L+
C0325,Sanjay Patel,M,1986-05-12,37,Age 35-44,Delhi,2021-02-25,500000,3L+
C0326,Sanjay Singh,F,2003-10-21,20,Age 18-24,Pune,2019-10-05,500000,3L+
C0327,Amit Malhotra,M,1961-10-12,62,Age 55+,Jaipur,2020-10-18,75000,Below 1L
C0328,Priya Das,F,1976-10-09,47,Age 45-54,Jaipur,2018-03-25,500000,3L+
C0329,Pooja Chopra,M,1975-11-05,48,Age 45-54,Bengaluru,2019-03-23,100000,1L-3L
C0330,Sanjay Kapoor,F,1989-03-19,34,Age 25-34,Chennai,2021-07-15,50000,Below 1L
C0331,Aditya Nair,F,2002-06-15,21,Age 18-24,Ahmedabad,2020-10-01,500000,3L+
C0332,Aditya Das,F,1998-11-23,25,Age 25-34,Kolkata,2018-09-13,75000,Below 1L
C0333,Unknown,M,1989-05-11,34,Age 25-34,Chennai,2020-09-19,75000,Below 1L
C0334,Isha Malhotra,F,1979-11-25,44,Age 35-44,Mumbai,2018-02-21,500000,3L+
C0335,Sneha Sharma,M,1968-08-15,55,Age 55+,Mumbai,2021-04-23,75000,Below 1L
C0336,Arjun Gupta,F,1963-11-12,60,Age 55+,Chennai,2018-06-22,300000,3L+
C0337,Rahul Sharma,F,1998-05-24,25,Age 25-34,Hyderabad,2021-11-03,300000,3L+
C0338,Rohan Sharma,M,1988-02-05,35,Age 35-44,Lucknow,2019-09-22,150000,1L-3L
C0339,Aarav Sharma,F,1965-07-23,58,Age 55+,Bengaluru,2021-02-08,150000,1L-3L
C0340,Aditya Das,F,1964-06-12,59,Age 55+,Chennai,2019-07-25,500000,3L+
C0341,Karan Joshi,M,1962-09-19,61,Age 55+,Mumbai,2022-11-06,150000,1L-3L
C0342,Anjali Das,M,1998-12-05,25,Age 25-34,Pune,2022-11-15,500000,3L+
C0343,Amit Verma,M,1966-02-19,57,Age 55+,Pune,2020-07-11,500000,3L+
C0344,Karan Singh,F,,,Unknown,Jaipur,2022-10-24,200000,1L-3L
C0345,Arjun Kapoor,F,2000-05-07,23,Age 18-24,Jaipur,2022-09-07,300000,3L+
C0346,Neha Patel,M,1973-08-13,50,Age 45-54,Delhi,2019-08-21,200000,1L-3L
C0347,Aditya Khan,M,1981-06-05,42,Age 35-44,Pune,2022-07-12,200000,1L-3L
C0348,Rahul Kapoor,F,1962-01-19,61,Age 55+,Delhi,2018-05-07,50000,Below 1L
C0349,Vivaan Kapoor,F,1990-05-21,33,Age 25-34,Jaipur,2021-07-23,150000,1L-3L
C0350,Aditya Joshi,M,1975-02-10,48,Age 45-54,Delhi,2022-04-26,75000,Below 1L
C0351,Meera Reddy,F,1995-11-25,28,Age 25-34,Delhi,2020-12-14,300000,3L+
C0352,Sanjay Sharma,M,1963-07-04,60,Age 55+,Ahmedabad,2022-10-02,100000,1L-3L
C0353,Rahul Verma,M,2003-03-23,20,Age 18-24,Mumbai,2019-08-12,200000,1L-3L
C0354,Riya Kapoor,F,1968-06-05,55,Age 55+,Chennai,2018-01-11,500000,3L+
C0355,Pooja Patel,M,1974-12-19,49,Age 45-54,Delhi,2021-08-17,100000,1L-3L
C0356,Vivaan Iyer,M,1981-03-09,42,Age 35-44,Delhi,2022-11-24,50000,Below 1L
C0357,Sanjay Das,M,1960-01-08,63,Age 55+,Mumbai,2021-06-13,75000,Below 1L
C0358,Rahul Chopra,M,1993-12-24,30,Age 25-34,Pune,2019-06-08,150000,1L-3L
C0359,Priya Patel,M,1994-06-04,29,Age 25-34,Jaipur,2018-03-08,500000,3L+
C0360,Riya Sharma,F,1962-08-28,61,Age 55+,Chennai,2020-06-03,200000,1L-3L
C0361,Sneha Sharma,F,1970-05-19,53,Age 45-54,Chennai,2022-04-15,100000,1L-3L
C0362,Isha Iyer,M,2004-09-25,19,Age 18-24,Hyderabad,2019-01-14,50000,Below 1L
C0363,Sanjay Khan,F,1998-12-01,25,Age 25-34,Kolkata,2018-11-13,,Unknown
C0364,Arjun Verma,M,1991-04-14,32,Age 25-34,Ahmedabad,2018-03-23,100000,1L-3L
C0365,Aditya Sharma,M,1991-07-23,32,Age 25-34,Kolkata,2021-12-03,200000,1L-3L
C0366,Rohan Khan,M,1998-07-03,25,Age 25-34,Lucknow,2022-01-14,300000,3L+
C0367,Karan Singh,F,1974-06-26,49,Age 45-54,Pune,2020-06-15,100000,1L-3L
C0368,Sanjay Verma,M,1966-10-04,57,Age 55+,Bengaluru,2018-03-15,150000,1L-3L
C0369,Priya Nair,M,1992-06-25,31,Age 25-34,Hyderabad,2021-05-15,100000,1L-3L
C0370,Rohan Verma,M,2001-05-27,22,Age 18-24,Lucknow,2018-04-27,500000,3L+
C0371,Priya Gupta,M,2003-04-12,20,Age 18-24,Pune,2022-01-22,,Unknown
C0372,Vikram Malhotra,M,1959-07-28,64,Age 55+,Ahmedabad,2022-12-18,75000,Below 1L
C0373,Rohan Iyer,M,1966-02-01,57,Age 55+,Mumbai,2019-03-07,500000,3L+
C0374,Neha Reddy,Unknown,1995-10-09,28,Age 25-34,Delhi,2018-02-07,300000,3L+
C0375,Sneha Kapoor,M,1963-06-04,60,Age 55+,Mumbai,2021-01-06,200000,1L-3L
C0376,Pooja Malhotra,F,1989-01-13,34,Age 25-34,Pune,2019-06-07,75000,Below 1L
C0377,Vikram Patel,F,1967-01-20,56,Age 55+,Lucknow,2022-04-21,100000,1L-3L
C0378,Kavya Nair,F,1961-02-09,62,Age 55+,Pune,2019-07-07,300000,3L+
C0379,Riya Singh,M,1982-12-12,41,Age 35-44,Ahmedabad,2022-08-12,200000,1L-3L
C0380,Riya Reddy,M,1975-03-01,48,Age 45-54,Kolkata,2022-04-01,500000,3L+
C0381,Vikram Sharma,F,1991-06-25,32,Age 25-34,Lucknow,2019-03-04,75000,Below 1L
C0382,Sanjay Patel,M,1972-10-28,51,Age 45-54,Pune,2020-03-06,75000,Below 1L
C0383,Isha Reddy,F,1995-01-23,28,Age 25-34,Kolkata,2022-10-05,200000,1L-3L
C0384,Amit Malhotra,F,1992-05-06,31,Age 25-34,Ahmedabad,2018-02-02,75000,Below 1L
C0385,Divya Singh,M,,,Unknown,Kolkata,2022-04-26,75000,Below 1L
C0386,Priya Das,M,,,Unknown,Bengaluru,2022-12-05,500000,3L+
C0387,Rohan Malhotra,F,1962-06-23,61,Age 55+,Pune,2022-02-11,,Unknown
C0388,Priya Gupta,M,2004-07-26,19,Age 18-24,Ahmedabad,2020-03-23,200000,1L-3L
C0389,Divya Kapoor,F,1972-11-19,51,Age 45-54,Bengaluru,2021-05-24,300000,3L+
C0390,Arjun Gupta,Unknown,2004-01-23,19,Age 18-24,Lucknow,2021-10-02,75000,Below 1L
C0391,Divya Reddy,F,1998-10-04,25,Age 25-34,Ahmedabad,2019-06-24,50000,Below 1L
C0392,Sanjay Reddy,F,1968-11-03,55,Age 55+,Kolkata,2021-01-09,75000,Below 1L
C0393,Sanjay Das,M,1980-05-26,43,Age 35-44,Delhi,2018-01-13,150000,1L-3L
C0394,Pooja Gupta,F,1989-07-12,34,Age 25-34,Jaipur,2021-02-27,150000,1L-3L
C0395,Isha Joshi,M,1968-08-03,55,Age 55+,Mumbai,2020-01-11,100000,1L-3L
C0396,Rohan Verma,F,1968-07-06,55,Age 55+,Delhi,2022-02-11,200000,1L-3L
C0397,Divya Chopra,F,2003-01-14,20,Age 18-24,Bengaluru,2022-07-06,50000,Below 1L
C0398,Rohan Reddy,M,1970-07-23,53,Age 45-54,Jaipur,2022-05-22,100000,1L-3L
C0399,Arjun Singh,M,,,Unknown,Jaipur,2021-03-02,100000,1L-3L
C0400,Aarav Nair,M,1976-11-21,47,Age 45-54,Lucknow,2021-04-04,,Unknown
C0401,Amit Gupta,F,1963-08-28,60,Age 55+,Delhi,2020-07-16,150000,1L-3L
C0402,Vikram Verma,F,1969-06-13,54,Age 45-54,Kolkata,2019-08-02,100000,1L-3L
C0403,Sneha Iyer,F,1972-05-19,51,Age 45-54,Mumbai,2019-12-22,50000,Below 1L
C0404,Aditya Joshi,F,1992-07-25,31,Age 25-34,Lucknow,2019-09-02,500000,3L+
C0405,Neha Malhotra,F,1992-11-28,31,Age 25-34,Ahmedabad,2022-04-16,100000,1L-3L
C0406,Aditya Nair,M,1990-10-17,33,Age 25-34,Lucknow,2022-03-04,500000,3L+
C0407,Sneha Gupta,M,,,Unknown,Mumbai,2021-02-22,150000,1L-3L
C0408,Amit Malhotra,M,1996-05-11,27,Age 25-34,Delhi,2018-07-18,150000,1L-3L
C0409,Meera Reddy,F,1991-08-28,32,Age 25-34,Mumbai,2022-10-17,500000,3L+
C0410,Pooja Verma,F,1967-03-19,56,Age 55+,Lucknow,2022-02-04,200000,1L-3L
C0411,Rohan Kapoor,F,,,Unknown,Chennai,2021-11-16,200000,1L-3L
C0412,Divya Iyer,M,1969-05-13,54,Age 45-54,Bengaluru,2022-10-22,300000,3L+
C0413,Neha Sharma,F,1979-12-08,44,Age 35-44,Mumbai,2021-05-12,50000,Below 1L
C0414,Priya Malhotra,F,1977-05-27,46,Age 45-54,Ahmedabad,2018-04-05,100000,1L-3L
C0415,Sneha Kapoor,F,1975-12-14,48,Age 45-54,Lucknow,2018-04-15,75000,Below 1L
C0416,Pooja Das,F,1991-06-27,32,Age 25-34,Mumbai,2022-03-03,100000,1L-3L
C0417,Riya Nair,M,1991-10-01,32,Age 25-34,Bengaluru,2019-04-27,50000,Below 1L
C0418,Sanjay Sharma,F,1961-06-23,62,Age 55+,Hyderabad,2020-06-27,150000,1L-3L
C0419,Riya Nair,M,2001-01-08,22,Age 18-24,Kolkata,2021-10-15,75000,Below 1L
C0420,Kavya Mehta,F,1980-03-27,43,Age 35-44,Chennai,2018-05-01,150000,1L-3L
C0421,Vivaan Gupta,M,1972-11-08,51,Age 45-54,Hyderabad,2020-11-14,200000,1L-3L
C0422,Aarav Malhotra,M,1988-03-21,35,Age 35-44,Bengaluru,2022-01-08,100000,1L-3L
C0423,Divya Kapoor,F,2003-12-21,20,Age 18-24,Chennai,2021-07-28,100000,1L-3L
C0424,Sneha Patel,M,1987-05-22,36,Age 35-44,Jaipur,2022-07-19,50000,Below 1L
C0425,Aarav Khan,F,1993-11-20,30,Age 25-34,Lucknow,2020-05-22,50000,Below 1L
C0426,Kavya Verma,F,1975-11-11,48,Age 45-54,Chennai,2020-11-23,300000,3L+
C0427,Arjun Singh,M,1991-04-02,32,Age 25-34,Lucknow,2021-11-11,300000,3L+
C0428,Karan Das,M,1999-08-10,24,Age 18-24,Chennai,2021-07-13,300000,3L+
C0429,Vivaan Mehta,M,1979-12-23,44,Age 35-44,Hyderabad,2022-11-26,150000,1L-3L
C0430,Anjali Khan,F,1968-11-18,55,Age 55+,Bengaluru,2020-02-16,75000,Below 1L
C0431,Vikram Das,M,,,Unknown,Delhi,2019-06-08,300000,3L+
C0432,Arjun Nair,F,,,Unknown,Chennai,2021-02-16,50000,Below 1L
C0433,Isha Mehta,M,1988-04-17,35,Age 35-44,Delhi,2021-09-10,150000,1L-3L
C0434,Vivaan Malhotra,M,1966-04-11,57,Age 55+,Pune,2022-08-05,100000,1L-3L
C0435,Rahul Kapoor,M,1989-06-21,34,Age 25-34,Bengaluru,2020-11-02,,Unknown
C0436,Sneha Patel,M,1968-10-25,55,Age 55+,Bengaluru,2021-02-05,200000,1L-3L
C0437,Pooja Joshi,F,1983-07-16,40,Age 35-44,Pune,2018-01-18,75000,Below 1L
C0438,Anjali Sharma,F,1991-04-01,32,Age 25-34,Mumbai,2019-04-23,100000,1L-3L
C0439,Arjun Gupta,M,,,Unknown,Chennai,2019-02-27,50000,Below 1L
C0440,Arjun Patel,F,2004-09-20,19,Age 18-24,Jaipur,2020-07-22,75000,Below 1L
C0441,Priya Chopra,F,1980-04-06,43,Age 35-44,Pune,2018-04-08,300000,3L+
C0442,Karan Singh,M,1995-09-06,28,Age 25-34,Delhi,2020-12-21,500000,3L+
C0443,Vivaan Nair,F,1992-10-02,31,Age 25-34,Lucknow,2018-11-04,300000,3L+
C0444,Aarav Sharma,M,1984-08-13,39,Age 35-44,Delhi,2022-05-16,300000,3L+
C0445,Karan Singh,M,1977-07-22,46,Age 45-54,Delhi,2022-05-20,200000,1L-3L
C0446,Karan Nair,M,1990-12-20,33,Age 25-34,Delhi,2020-02-26,50000,Below 1L
C0447,Kavya Singh,M,1974-09-07,49,Age 45-54,Kolkata,2021-05-06,50000,Below 1L
C0448,Meera Iyer,M,2002-08-11,21,Age 18-24,Hyderabad,2018-01-22,50000,Below 1L
C0449,Rohan Malhotra,F,1967-02-25,56,Age 55+,Jaipur,2018-12-24,50000,Below 1L
C0450,Vikram Joshi,M,1987-05-09,36,Age 35-44,Ahmedabad,2018-02-27,75000,Below 1L
C0451,Vivaan Malhotra,F,1981-11-11,42,Age 35-44,Pune,2018-02-28,500000,3L+
C0452,Vivaan Sharma,M,,,Unknown,Kolkata,2020-08-20,100000,1L-3L
C0453,Aditya Reddy,F,1969-02-13,54,Age 45-54,Pune,2021-05-27,150000,1L-3L
C0454,Kavya Kapoor,F,1999-03-04,24,Age 18-24,Bengaluru,2018-03-04,150000,1L-3L
C0455,Isha Iyer,F,1969-10-13,54,Age 45-54,Kolkata,2022-01-28,300000,3L+
C0456,Karan Iyer,F,1965-07-15,58,Age 55+,Mumbai,2018-05-21,100000,1L-3L
C0457,Aarav Das,M,2000-06-17,23,Age 18-24,Jaipur,2022-02-14,300000,3L+
C0458,Sanjay Iyer,F,2000-11-21,23,Age 18-24,Pune,2019-09-20,50000,Below 1L
C0459,Aarav Joshi,M,1990-08-28,33,Age 25-34,Ahmedabad,2019-02-25,150000,1L-3L
C0460,Priya Singh,F,1975-01-17,48,Age 45-54,Hyderabad,2022-11-13,150000,1L-3L
C0461,Sanjay Verma,F,1986-10-15,37,Age 35-44,Delhi,2021-08-11,50000,Below 1L
C0462,Kavya Das,M,1964-07-14,59,Age 55+,Mumbai,2022-09-01,500000,3L+
C0463,Aditya Kapoor,F,1990-09-07,33,Age 25-34,Ahmedabad,2020-06-27,50000,Below 1L
C0464,Sanjay Malhotra,F,1979-09-25,44,Age 35-44,Lucknow,2022-08-23,300000,3L+
C0465,Anjali Das,F,1965-02-25,58,Age 55+,Hyderabad,2018-06-12,,Unknown
C0466,Arjun Khan,F,2002-02-02,21,Age 18-24,Bengaluru,2021-03-27,300000,3L+
C0467,Pooja Verma,F,1997-04-07,26,Age 25-34,Delhi,2021-04-15,500000,3L+
C0468,Amit Das,F,1964-07-02,59,Age 55+,Lucknow,2018-08-15,300000,3L+
C0469,Isha Khan,M,1989-01-17,34,Age 25-34,Mumbai,2022-07-27,200000,1L-3L
C0470,Kavya Chopra,M,2002-10-06,21,Age 18-24,Bengaluru,2018-07-22,200000,1L-3L
C0471,Divya Chopra,F,1990-07-14,33,Age 25-34,Lucknow,2019-05-13,100000,1L-3L
C0472,Arjun Iyer,M,1966-07-20,57,Age 55+,Jaipur,2020-12-18,500000,3L+
C0473,Priya Das,M,1970-04-20,53,Age 45-54,Chennai,2020-11-05,300000,3L+
C0474,Rahul Khan,F,2003-02-25,20,Age 18-24,Kolkata,2022-08-19,200000,1L-3L
C0475,Pooja Joshi,F,1985-01-17,38,Age 35-44,Delhi,2018-07-05,50000,Below 1L
C0476,Vivaan Singh,F,1968-05-22,55,Age 55+,Chennai,2019-01-23,500000,3L+
C0477,Arjun Singh,M,1980-08-04,43,Age 35-44,Lucknow,2022-04-24,300000,3L+
C0478,Meera Nair,M,1990-12-10,33,Age 25-34,Mumbai,2021-07-14,500000,3L+
C0479,Priya Khan,M,1958-12-09,65,Age 55+,Hyderabad,2022-08-27,75000,Below 1L
C0480,Anjali Kapoor,M,2004-04-10,19,Age 18-24,Ahmedabad,2019-11-03,75000,Below 1L
C0481,Rahul Das,M,1982-01-14,41,Age 35-44,Chennai,2022-05-05,,Unknown
C0482,Isha Malhotra,F,1958-06-15,65,Age 55+,Bengaluru,2018-03-11,200000,1L-3L
C0483,Vivaan Kapoor,Unknown,1989-10-18,34,Age 25-34,Kolkata,2018-12-11,200000,1L-3L
C0484,Sanjay Gupta,M,1990-03-14,33,Age 25-34,Jaipur,2022-07-03,,Unknown
C0485,Sanjay Chopra,M,2000-06-11,23,Age 18-24,Kolkata,2020-04-25,200000,1L-3L
C0486,Riya Iyer,M,1965-11-12,58,Age 55+,Ahmedabad,2019-11-20,200000,1L-3L
C0487,Sanjay Sharma,F,1982-02-13,41,Age 35-44,Chennai,2022-12-10,50000,Below 1L
C0488,Riya Malhotra,F,1990-09-15,33,Age 25-34,Ahmedabad,2018-05-21,75000,Below 1L
C0489,Priya Khan,M,1964-03-25,59,Age 55+,Jaipur,2022-01-21,50000,Below 1L
C0490,Amit Joshi,M,2001-07-27,22,Age 18-24,Delhi,2019-09-27,300000,3L+
C0491,Pooja Joshi,M,2001-03-01,22,Age 18-24,Ahmedabad,2020-01-03,50000,Below 1L
C0492,Vivaan Gupta,F,1993-02-19,30,Age 25-34,Hyderabad,2020-07-13,150000,1L-3L
C0493,Neha Nair,F,1959-07-22,64,Age 55+,Delhi,2022-01-21,300000,3L+
C0494,Divya Verma,M,2002-02-12,21,Age 18-24,Jaipur,2018-05-26,300000,3L+
C0495,Arjun Mehta,M,1976-08-13,47,Age 45-54,Pune,2018-08-06,200000,1L-3L
C0496,Sanjay Gupta,F,1992-05-21,31,Age 25-34,Bengaluru,2020-11-26,500000,3L+
C0497,Anjali Sharma,M,1965-01-01,58,Age 55+,Lucknow,2022-07-18,200000,1L-3L
C0498,Aditya Patel,M,2004-06-07,19,Age 18-24,Pune,2022-03-06,75000,Below 1L
C0499,Sanjay Mehta,F,1970-02-06,53,Age 45-54,Lucknow,2018-09-15,300000,3L+
C0500,Meera Verma,F,2000-02-09,23,Age 18-24,Delhi,2019-12-19,150000,1L-3L
C0501,Priya Reddy,M,2000-11-08,23,Age 18-24,Delhi,2020-10-03,75000,Below 1L
C0502,Priya Iyer,F,1979-10-22,44,Age 35-44,Chennai,2022-03-19,200000,1L-3L
C0503,Anjali Kapoor,F,1985-03-01,38,Age 35-44,Kolkata,2019-04-23,,Unknown
C0504,Pooja Patel,F,1966-11-24,57,Age 55+,Kolkata,2021-08-15,100000,1L-3L
C0505,Arjun Iyer,M,1969-11-20,54,Age 45-54,Delhi,2020-03-18,75000,Below 1L
C0506,Vikram Das,M,2004-02-01,19,Age 18-24,Jaipur,2018-10-19,150000,1L-3L
C0507,Isha Singh,M,1993-05-18,30,Age 25-34,Jaipur,2021-11-25,75000,Below 1L
C0508,Anjali Nair,M,1995-12-28,28,Age 25-34,Chennai,2019-08-17,200000,1L-3L
C0509,Aditya Nair,F,1990-01-22,33,Age 25-34,Hyderabad,2022-11-06,500000,3L+
C0510,Riya Gupta,F,1968-03-19,55,Age 55+,Lucknow,2019-12-24,150000,1L-3L
C0511,Anjali Sharma,M,1989-04-03,34,Age 25-34,Chennai,2020-04-02,300000,3L+
C0512,Amit Khan,F,1982-08-15,41,Age 35-44,Mumbai,2018-11-11,50000,Below 1L
C0513,Riya Joshi,F,1974-10-18,49,Age 45-54,Lucknow,2019-07-21,150000,1L-3L
C0514,Anjali Mehta,M,1991-05-13,32,Age 25-34,Hyderabad,2022-07-12,500000,3L+
C0515,Anjali Iyer,F,1996-01-17,27,Age 25-34,Bengaluru,2021-03-08,50000,Below 1L
C0516,Riya Joshi,F,1971-03-06,52,Age 45-54,Bengaluru,2020-10-23,500000,3L+
C0517,Rohan Joshi,M,1984-06-24,39,Age 35-44,Delhi,2021-11-16,150000,1L-3L
C0518,Amit Mehta,M,1999-07-01,24,Age 18-24,Hyderabad,2018-03-19,200000,1L-3L
C0519,Rahul Gupta,M,1994-03-02,29,Age 25-34,Bengaluru,2020-03-17,150000,1L-3L
C0520,Divya Mehta,M,2004-12-22,19,Age 18-24,Chennai,2018-04-15,200000,1L-3L
C0521,Kavya Malhotra,F,1968-04-27,55,Age 55+,Pune,2022-03-26,200000,1L-3L
C0522,Rahul Mehta,F,1968-12-22,55,Age 55+,Kolkata,2021-10-19,50000,Below 1L
C0523,Sanjay Nair,F,1966-02-01,57,Age 55+,Hyderabad,2022-09-22,150000,1L-3L
C0524,Karan Mehta,M,1969-08-20,54,Age 45-54,Lucknow,2018-09-17,,Unknown
C0525,Rohan Verma,F,2000-03-20,23,Age 18-24,Jaipur,2018-11-21,150000,1L-3L
C0526,Riya Nair,F,1960-12-17,63,Age 55+,Pune,2019-08-26,500000,3L+
C0527,Neha Reddy,M,1985-03-09,38,Age 35-44,Ahmedabad,2019-02-10,200000,1L-3L
C0528,Meera Nair,F,,,Unknown,Mumbai,2022-09-04,200000,1L-3L
C0529,Aarav Nair,M,2002-06-14,21,Age 18-24,Kolkata,2018-03-14,300000,3L+
C0530,Isha Patel,F,1992-07-19,31,Age 25-34,Kolkata,2022-05-22,150000,1L-3L
C0531,Amit Nair,F,1969-06-18,54,Age 45-54,Jaipur,2021-05-10,200000,1L-3L
C0532,Anjali Kapoor,F,1966-11-04,57,Age 55+,Hyderabad,2021-12-06,50000,Below 1L
C0533,Amit Khan,F,1979-09-20,44,Age 35-44,Mumbai,2019-07-21,50000,Below 1L
C0534,Aditya Malhotra,M,1988-10-14,35,Age 35-44,Delhi,2018-05-08,100000,1L-3L
C0535,Aditya Mehta,M,2004-07-13,19,Age 18-24,Lucknow,2022-05-23,200000,1L-3L
C0536,Vivaan Kapoor,M,1998-08-15,25,Age 25-34,Mumbai,2019-11-26,200000,1L-3L
C0537,Arjun Singh,Unknown,1996-09-17,27,Age 25-34,Hyderabad,2022-03-22,50000,Below 1L
C0538,Anjali Singh,M,1968-02-09,55,Age 55+,Pune,2020-11-13,150000,1L-3L
C0539,Isha Singh,M,2003-02-03,20,Age 18-24,Jaipur,2020-12-27,200000,1L-3L
C0540,Isha Reddy,F,1975-04-20,48,Age 45-54,Hyderabad,2021-07-19,50000,Below 1L
C0541,Vikram Gupta,F,1990-02-18,33,Age 25-34,Delhi,2022-05-11,50000,Below 1L
C0542,Riya Patel,F,2002-08-13,21,Age 18-24,Lucknow,2021-04-25,100000,1L-3L
C0543,Sneha Joshi,F,1995-01-16,28,Age 25-34,Delhi,2020-02-13,300000,3L+
C0544,Sanjay Joshi,M,1978-07-12,45,Age 45-54,Jaipur,2022-01-23,500000,3L+
C0545,Vikram Singh,F,1963-07-22,60,Age 55+,Kolkata,2018-09-06,150000,1L-3L
C0546,Priya Reddy,Unknown,1994-05-06,29,Age 25-34,Hyderabad,2021-12-07,75000,Below 1L
C0547,Sanjay Malhotra,F,1971-04-07,52,Age 45-54,Hyderabad,2022-06-05,500000,3L+
C0548,Rohan Verma,M,2001-11-16,22,Age 18-24,Lucknow,2018-09-02,500000,3L+
C0549,Kavya Reddy,F,1989-10-28,34,Age 25-34,Chennai,2021-03-25,,Unknown
C0550,Vikram Nair,M,1994-03-02,29,Age 25-34,Jaipur,2021-08-18,,Unknown
C0551,Riya Reddy,F,2001-03-15,22,Age 18-24,Delhi,2022-08-11,300000,3L+
C0552,Aarav Sharma,M,1982-10-04,41,Age 35-44,Kolkata,2020-10-28,,Unknown
C0553,Rahul Khan,F,1973-05-16,50,Age 45-54,Lucknow,2020-06-06,150000,1L-3L
C0554,Pooja Singh,F,2002-06-12,21,Age 18-24,Pune,2020-08-06,200000,1L-3L
C0555,Karan Mehta,M,1964-12-09,59,Age 55+,Hyderabad,2022-07-28,150000,1L-3L
C0556,Amit Gupta,M,1988-01-06,35,Age 35-44,Pune,2021-03-28,300000,3L+
C0557,Riya Khan,F,1989-05-09,34,Age 25-34,Jaipur,2022-01-13,50000,Below 1L
C0558,Rahul Sharma,M,1974-08-27,49,Age 45-54,Delhi,2021-12-11,100000,1L-3L
C0559,Anjali Reddy,F,1980-01-14,43,Age 35-44,Delhi,2020-11-20,75000,Below 1L
C0560,Isha Mehta,M,1976-06-11,47,Age 45-54,Jaipur,2021-12-15,50000,Below 1L
C0561,Neha Mehta,F,1987-11-05,36,Age 35-44,Bengaluru,2020-07-21,200000,1L-3L
C0562,Isha Nair,M,1963-03-11,60,Age 55+,Hyderabad,2020-06-21,100000,1L-3L
C0563,Vikram Mehta,F,1975-08-25,48,Age 45-54,Kolkata,2022-09-15,150000,1L-3L
C0564,Rahul Gupta,M,1966-12-08,57,Age 55+,Chennai,2018-04-06,150000,1L-3L
C0565,Rohan Verma,M,1988-09-02,35,Age 35-44,Mumbai,2021-09-25,50000,Below 1L
C0566,Rohan Patel,M,1963-11-13,60,Age 55+,Chennai,2019-04-24,100000,1L-3L
C0567,Sneha Joshi,M,1966-09-27,57,Age 55+,Bengaluru,2018-01-22,100000,1L-3L
C0568,Priya Malhotra,F,1987-09-09,36,Age 35-44,Jaipur,2021-03-23,200000,1L-3L
C0569,Rahul Mehta,F,1998-12-21,25,Age 25-34,Lucknow,2021-09-21,300000,3L+
C0570,Meera Patel,F,,,Unknown,Delhi,2021-05-12,150000,1L-3L
C0571,Vikram Gupta,F,1958-01-17,65,Age 55+,Bengaluru,2020-05-16,200000,1L-3L
C0572,Aarav Das,F,1988-05-01,35,Age 35-44,Pune,2020-10-08,500000,3L+
C0573,Aarav Khan,F,1970-07-18,53,Age 45-54,Pune,2021-04-06,300000,3L+
C0574,Neha Malhotra,F,1972-05-03,51,Age 45-54,Pune,2019-09-25,500000,3L+
C0575,Divya Kapoor,F,1976-11-24,47,Age 45-54,Jaipur,2020-07-07,500000,3L+
C0576,Aditya Gupta,M,1976-02-21,47,Age 45-54,Ahmedabad,2022-08-09,300000,3L+
C0577,Divya Iyer,M,1978-01-05,45,Age 45-54,Mumbai,2022-01-06,50000,Below 1L
C0578,Arjun Patel,M,2003-08-24,20,Age 18-24,Mumbai,2019-02-05,50000,Below 1L
C0579,Kavya Singh,F,1984-05-26,39,Age 35-44,Ahmedabad,2020-08-23,500000,3L+
C0580,Vivaan Reddy,M,1967-01-09,56,Age 55+,Pune,2018-09-16,75000,Below 1L
C0581,Amit Chopra,F,1982-01-04,41,Age 35-44,Hyderabad,2021-08-08,300000,3L+
C0582,Vivaan Singh,F,1964-09-22,59,Age 55+,Hyderabad,2021-07-22,100000,1L-3L
C0583,Priya Gupta,M,1993-09-04,30,Age 25-34,Chennai,2021-11-10,75000,Below 1L
C0584,Anjali Chopra,M,2000-04-04,23,Age 18-24,Hyderabad,2021-06-01,75000,Below 1L
C0585,Vikram Mehta,M,,,Unknown,Mumbai,2022-12-16,300000,3L+
C0586,Divya Gupta,F,1963-04-06,60,Age 55+,Ahmedabad,2018-11-20,100000,1L-3L
C0587,Vivaan Sharma,F,,,Unknown,Jaipur,2018-03-16,75000,Below 1L
C0588,Priya Khan,F,1986-12-07,37,Age 35-44,Mumbai,2021-06-24,75000,Below 1L
C0589,Vikram Chopra,M,1989-12-15,34,Age 25-34,Jaipur,2020-09-23,150000,1L-3L
C0590,Amit Mehta,M,1992-06-11,31,Age 25-34,Ahmedabad,2020-10-28,200000,1L-3L
C0591,Rahul Verma,M,1986-05-27,37,Age 35-44,Chennai,2022-06-15,50000,Below 1L
C0592,Riya Nair,M,1959-10-28,64,Age 55+,Kolkata,2022-04-11,300000,3L+
C0593,Aditya Joshi,F,1970-09-22,53,Age 45-54,Ahmedabad,2022-03-20,100000,1L-3L
C0594,Priya Nair,M,1965-02-17,58,Age 55+,Delhi,2018-03-06,500000,3L+
C0595,Vivaan Singh,M,1989-04-04,34,Age 25-34,Mumbai,2022-11-27,150000,1L-3L
C0596,Kavya Khan,F,1961-06-08,62,Age 55+,Lucknow,2018-01-07,300000,3L+
C0597,Kavya Chopra,M,1987-11-02,36,Age 35-44,Kolkata,2022-12-14,500000,3L+
C0598,Anjali Kapoor,M,1997-05-17,26,Age 25-34,Mumbai,2018-05-03,75000,Below 1L
C0599,Riya Verma,M,2004-04-18,19,Age 18-24,Pune,2019-04-17,300000,3L+
C0600,Sanjay Mehta,M,1993-12-18,30,Age 25-34,Pune,2018-11-19,100000,1L-3L
C0601,Sneha Das,F,1964-03-26,59,Age 55+,Bengaluru,2022-07-17,100000,1L-3L
C0602,Rahul Khan,F,1980-06-18,43,Age 35-44,Kolkata,2020-07-25,300000,3L+
C0603,Pooja Malhotra,F,1996-04-19,27,Age 25-34,Jaipur,2019-07-25,200000,1L-3L
C0604,Vikram Reddy,F,1986-07-01,37,Age 35-44,Mumbai,2020-10-01,200000,1L-3L
C0605,Karan Chopra,F,1958-05-08,65,Age 55+,Hyderabad,2020-01-25,500000,3L+
C0606,Vikram Chopra,M,1964-01-15,59,Age 55+,Kolkata,2019-03-09,100000,1L-3L
C0607,Isha Singh,M,1974-05-03,49,Age 45-54,Lucknow,2021-10-07,300000,3L+
C0608,Aditya Das,F,1988-03-16,35,Age 35-44,Lucknow,2018-10-21,100000,1L-3L
C0609,Vivaan Das,F,1963-01-25,60,Age 55+,Kolkata,2020-07-14,500000,3L+
C0610,Rohan Malhotra,M,1999-10-01,24,Age 18-24,Pune,2018-05-17,50000,Below 1L
C0611,Priya Khan,M,1978-09-23,45,Age 45-54,Hyderabad,2019-01-22,300000,3L+
C0612,Neha Iyer,M,1972-07-10,51,Age 45-54,Pune,2019-03-11,50000,Below 1L
C0613,Kavya Mehta,M,1993-07-09,30,Age 25-34,Delhi,2021-09-14,500000,3L+
C0614,Karan Kapoor,M,1988-09-07,35,Age 35-44,Ahmedabad,2021-11-19,75000,Below 1L
C0615,Meera Mehta,M,1973-02-09,50,Age 45-54,Pune,2020-11-19,50000,Below 1L
C0616,Rohan Joshi,F,1985-06-12,38,Age 35-44,Hyderabad,2020-06-20,300000,3L+
C0617,Aarav Kapoor,F,1968-06-20,55,Age 55+,Ahmedabad,2022-03-15,50000,Below 1L
C0618,Sanjay Singh,F,1967-12-28,56,Age 55+,Delhi,2018-12-02,75000,Below 1L
C0619,Divya Chopra,F,1976-01-11,47,Age 45-54,Delhi,2020-08-16,50000,Below 1L
C0620,Priya Singh,M,,,Unknown,Chennai,2022-08-20,300000,3L+
C0621,Karan Das,M,1982-10-22,41,Age 35-44,Jaipur,2018-05-06,50000,Below 1L
C0622,Arjun Singh,F,1961-08-21,62,Age 55+,Mumbai,2018-07-22,100000,1L-3L
C0623,Anjali Malhotra,M,1959-05-28,64,Age 55+,Pune,2019-07-17,300000,3L+
C0624,Rohan Chopra,F,1989-10-18,34,Age 25-34,Delhi,2019-04-17,150000,1L-3L
C0625,Meera Chopra,M,1960-04-17,63,Age 55+,Chennai,2020-08-13,300000,3L+
C0626,Rahul Sharma,F,2001-06-12,22,Age 18-24,Chennai,2019-09-09,500000,3L+
C0627,Vivaan Joshi,F,1982-01-18,41,Age 35-44,Chennai,2019-03-11,150000,1L-3L
C0628,Karan Verma,M,1991-11-20,32,Age 25-34,Hyderabad,2021-04-19,75000,Below 1L
C0629,Pooja Patel,F,1986-09-05,37,Age 35-44,Hyderabad,2019-10-18,300000,3L+
C0630,Amit Malhotra,M,1977-12-23,46,Age 45-54,Jaipur,2019-07-25,75000,Below 1L
C0631,Isha Chopra,M,1978-02-18,45,Age 45-54,Jaipur,2018-03-11,500000,3L+
C0632,Karan Das,M,1978-07-14,45,Age 45-54,Chennai,2021-12-27,300000,3L+
C0633,Vikram Gupta,M,1964-03-06,59,Age 55+,Mumbai,2022-10-09,200000,1L-3L
C0634,Isha Mehta,M,1996-04-08,27,Age 25-34,Mumbai,2020-02-23,500000,3L+
C0635,Kavya Gupta,F,2003-11-12,20,Age 18-24,Bengaluru,2021-08-16,,Unknown
C0636,Rahul Singh,M,1960-07-25,63,Age 55+,Mumbai,2020-07-08,300000,3L+
C0637,Amit Kapoor,M,1962-03-15,61,Age 55+,Lucknow,2021-12-11,500000,3L+
C0638,Sneha Chopra,M,1985-07-25,38,Age 35-44,Mumbai,2022-12-27,150000,1L-3L
C0639,Priya Nair,Unknown,1991-02-15,32,Age 25-34,Ahmedabad,2018-04-17,200000,1L-3L
C0640,Neha Das,M,1993-07-17,30,Age 25-34,Mumbai,2019-05-15,150000,1L-3L
C0641,Arjun Kapoor,F,1987-03-14,36,Age 35-44,Chennai,2022-01-23,200000,1L-3L
C0642,Karan Iyer,F,1963-12-17,60,Age 55+,Delhi,2019-10-23,200000,1L-3L
C0643,Karan Nair,F,1978-08-01,45,Age 45-54,Bengaluru,2021-10-23,75000,Below 1L
C0644,Sneha Verma,F,1978-12-21,45,Age 45-54,Bengaluru,2018-02-04,300000,3L+
C0645,Sneha Joshi,F,1963-09-23,60,Age 55+,Pune,2022-10-06,150000,1L-3L
C0646,Meera Nair,M,1968-06-19,55,Age 55+,Bengaluru,2019-03-06,500000,3L+
C0647,Vivaan Nair,F,1977-12-25,46,Age 45-54,Ahmedabad,2020-11-06,50000,Below 1L
C0648,Karan Singh,M,1997-05-01,26,Age 25-34,Ahmedabad,2021-08-18,500000,3L+
C0649,Aarav Mehta,F,1973-04-19,50,Age 45-54,Ahmedabad,2021-07-15,50000,Below 1L
C0650,Divya Mehta,M,1973-09-09,50,Age 45-54,Lucknow,2022-04-02,75000,Below 1L
C0651,Karan Sharma,F,1960-03-28,63,Age 55+,Mumbai,2022-10-10,100000,1L-3L
C0652,Aditya Sharma,M,1984-03-06,39,Age 35-44,Chennai,2022-11-23,300000,3L+
C0653,Divya Mehta,Unknown,1987-12-19,36,Age 35-44,Kolkata,2018-02-25,100000,1L-3L
C0654,Priya Reddy,F,1962-07-27,61,Age 55+,Jaipur,2018-05-16,75000,Below 1L
C0655,Rohan Das,F,1979-09-14,44,Age 35-44,Jaipur,2019-12-07,200000,1L-3L
C0656,Vivaan Verma,M,1988-12-23,35,Age 35-44,Lucknow,2020-07-20,500000,3L+
C0657,Priya Patel,F,1966-10-19,57,Age 55+,Ahmedabad,2022-12-21,150000,1L-3L
C0658,Kavya Kapoor,M,1997-04-23,26,Age 25-34,Chennai,2019-01-04,50000,Below 1L
C0659,Sneha Joshi,M,1971-10-14,52,Age 45-54,Pune,2018-06-12,200000,1L-3L
C0660,Amit Sharma,M,2002-05-09,21,Age 18-24,Delhi,2020-05-17,200000,1L-3L
C0661,Priya Kapoor,M,,,Unknown,Kolkata,2021-12-19,200000,1L-3L
C0662,Aarav Malhotra,M,1970-06-27,53,Age 45-54,Kolkata,2021-08-26,50000,Below 1L
C0663,Karan Iyer,M,1998-08-28,25,Age 25-34,Jaipur,2020-08-26,500000,3L+
C0664,Pooja Chopra,M,1991-05-19,32,Age 25-34,Kolkata,2022-09-01,75000,Below 1L
C0665,Isha Joshi,F,1980-02-05,43,Age 35-44,Chennai,2018-06-13,300000,3L+
C0666,Meera Malhotra,M,1994-10-13,29,Age 25-34,Bengaluru,2022-02-28,500000,3L+
C0667,Arjun Das,F,2003-01-09,20,Age 18-24,Pune,2018-08-08,100000,1L-3L
C0668,Sneha Malhotra,F,1971-09-10,52,Age 45-54,Bengaluru,2018-06-26,50000,Below 1L
C0669,Amit Chopra,M,1986-09-01,37,Age 35-44,Ahmedabad,2022-03-07,100000,1L-3L
C0670,Kavya Das,F,1978-03-25,45,Age 45-54,Delhi,2022-11-05,75000,Below 1L
C0671,Vivaan Iyer,F,2003-09-04,20,Age 18-24,Mumbai,2020-01-22,,Unknown
C0672,Divya Malhotra,M,,,Unknown,Delhi,2022-11-24,100000,1L-3L
C0673,Aarav Mehta,F,1998-04-11,25,Age 25-34,Hyderabad,2019-05-09,200000,1L-3L
C0674,Priya Kapoor,F,2000-02-09,23,Age 18-24,Bengaluru,2019-05-04,50000,Below 1L
C0675,Divya Khan,M,1971-09-12,52,Age 45-54,Jaipur,2020-05-05,300000,3L+
C0676,Arjun Mehta,M,1968-02-10,55,Age 55+,Lucknow,2020-09-15,50000,Below 1L
C0677,Karan Sharma,F,2001-01-04,22,Age 18-24,Pune,2018-02-14,150000,1L-3L
C0678,Rahul Das,F,1997-06-10,26,Age 25-34,Kolkata,2019-12-25,300000,3L+
C0679,Meera Verma,M,1994-03-03,29,Age 25-34,Ahmedabad,2018-08-10,300000,3L+
C0680,Sneha Iyer,M,1972-03-28,51,Age 45-54,Lucknow,2020-06-13,75000,Below 1L
C0681,Priya Kapoor,F,1987-08-01,36,Age 35-44,Delhi,2021-02-12,150000,1L-3L
C0682,Sneha Malhotra,M,1976-06-20,47,Age 45-54,Lucknow,2019-09-04,150000,1L-3L
C0683,Rohan Reddy,M,1977-09-15,46,Age 45-54,Pune,2022-07-08,200000,1L-3L
C0684,Sanjay Khan,M,1988-07-03,35,Age 35-44,Kolkata,2019-12-19,150000,1L-3L
C0685,Pooja Mehta,F,1992-12-08,31,Age 25-34,Bengaluru,2018-12-23,200000,1L-3L
C0686,Kavya Verma,F,1978-09-04,45,Age 45-54,Ahmedabad,2019-05-13,50000,Below 1L
C0687,Divya Verma,F,1978-08-21,45,Age 45-54,Mumbai,2018-04-27,75000,Below 1L
C0688,Isha Chopra,M,1967-11-05,56,Age 55+,Ahmedabad,2022-05-13,200000,1L-3L
C0689,Isha Iyer,M,1971-11-11,52,Age 45-54,Chennai,2022-11-10,150000,1L-3L
C0690,Anjali Verma,M,1997-09-13,26,Age 25-34,Bengaluru,2020-01-12,200000,1L-3L
C0691,Vivaan Sharma,F,1965-05-28,58,Age 55+,Mumbai,2019-07-23,200000,1L-3L
C0692,Neha Joshi,F,2003-07-13,20,Age 18-24,Pune,2021-09-07,300000,3L+
C0693,Rahul Iyer,F,1970-09-13,53,Age 45-54,Kolkata,2021-03-10,500000,3L+
C0694,Karan Gupta,M,1962-11-01,61,Age 55+,Bengaluru,2021-11-14,75000,Below 1L
C0695,Aditya Gupta,F,1987-12-20,36,Age 35-44,Pune,2022-03-15,200000,1L-3L
C0696,Pooja Khan,F,1982-06-08,41,Age 35-44,Bengaluru,2021-10-01,,Unknown
C0697,Kavya Malhotra,M,2003-09-09,20,Age 18-24,Pune,2022-10-12,50000,Below 1L
C0698,Vivaan Mehta,F,2003-06-04,20,Age 18-24,Lucknow,2021-12-03,75000,Below 1L
C0699,Riya Malhotra,F,1987-09-03,36,Age 35-44,Jaipur,2022-02-08,150000,1L-3L
C0700,Aditya Joshi,F,1997-01-11,26,Age 25-34,Jaipur,2018-08-15,,Unknown
C0701,Kavya Mehta,F,1984-06-26,39,Age 35-44,Chennai,2020-03-02,300000,3L+
C0702,Divya Das,F,2004-10-09,19,Age 18-24,Mumbai,2021-10-06,200000,1L-3L
C0703,Vivaan Joshi,F,1997-01-10,26,Age 25-34,Ahmedabad,2018-03-17,50000,Below 1L
C0704,Vikram Patel,M,1997-05-09,26,Age 25-34,Chennai,2018-12-04,200000,1L-3L
C0705,Rahul Chopra,M,,,Unknown,Bengaluru,2020-12-08,150000,1L-3L
C0706,Rahul Kapoor,M,1979-02-05,44,Age 35-44,Lucknow,2019-08-25,150000,1L-3L
C0707,Neha Singh,M,2004-11-06,19,Age 18-24,Hyderabad,2022-12-27,100000,1L-3L
C0708,Vivaan Joshi,F,1965-01-06,58,Age 55+,Ahmedabad,2021-08-10,150000,1L-3L
C0709,Meera Singh,F,2001-12-13,22,Age 18-24,Ahmedabad,2020-03-17,500000,3L+
C0710,Pooja Sharma,M,1986-07-22,37,Age 35-44,Kolkata,2022-11-02,50000,Below 1L
C0711,Meera Joshi,F,1985-10-21,38,Age 35-44,Chennai,2020-05-09,500000,3L+
C0712,Rohan Patel,F,1987-11-24,36,Age 35-44,Hyderabad,2022-04-17,100000,1L-3L
C0713,Rahul Reddy,M,2001-01-27,22,Age 18-24,Delhi,2018-07-04,200000,1L-3L
C0714,Rohan Joshi,F,1980-04-24,43,Age 35-44,Chennai,2020-04-02,50000,Below 1L
C0715,Divya Verma,M,1996-11-27,27,Age 25-34,Hyderabad,2022-11-04,300000,3L+
C0716,Rohan Verma,M,1982-11-25,41,Age 35-44,Lucknow,2019-02-23,75000,Below 1L
C0717,Vikram Patel,F,2000-02-21,23,Age 18-24,Ahmedabad,2020-07-23,300000,3L+
C0718,Priya Patel,M,1962-05-25,61,Age 55+,Mumbai,2021-07-11,50000,Below 1L
C0719,Vikram Malhotra,F,1969-08-03,54,Age 45-54,Ahmedabad,2019-10-13,75000,Below 1L
C0720,Kavya Verma,M,1992-07-07,31,Age 25-34,Lucknow,2018-08-23,100000,1L-3L
C0721,Rohan Sharma,Unknown,1962-10-24,61,Age 55+,Chennai,2021-01-16,75000,Below 1L
C0722,Aarav Chopra,M,2000-07-09,23,Age 18-24,Bengaluru,2020-07-19,50000,Below 1L
C0723,Riya Das,F,1988-07-13,35,Age 35-44,Delhi,2022-04-01,150000,1L-3L
C0724,Kavya Verma,F,1979-11-10,44,Age 35-44,Pune,2018-11-21,50000,Below 1L
C0725,Anjali Khan,F,1963-08-25,60,Age 55+,Chennai,2019-03-18,50000,Below 1L
C0726,Neha Joshi,M,1977-12-13,46,Age 45-54,Delhi,2020-08-03,300000,3L+
C0727,Sneha Das,M,1966-01-07,57,Age 55+,Mumbai,2022-04-16,150000,1L-3L
C0728,Aditya Kapoor,F,1989-09-27,34,Age 25-34,Ahmedabad,2018-01-11,50000,Below 1L
C0729,Priya Kapoor,M,1983-02-07,40,Age 35-44,Jaipur,2021-11-28,500000,3L+
C0730,Meera Gupta,M,1962-01-24,61,Age 55+,Bengaluru,2021-11-01,150000,1L-3L
C0731,Divya Sharma,M,2002-11-05,21,Age 18-24,Mumbai,2019-11-02,,Unknown
C0732,Rohan Iyer,M,1995-02-27,28,Age 25-34,Delhi,2018-08-20,500000,3L+
C0733,Divya Singh,M,1970-07-11,53,Age 45-54,Pune,2020-02-22,200000,1L-3L
C0734,Meera Gupta,Unknown,1971-01-19,52,Age 45-54,Bengaluru,2020-02-04,100000,1L-3L
C0735,Karan Kapoor,F,1968-12-12,55,Age 55+,Jaipur,2019-08-08,200000,1L-3L
C0736,Vivaan Gupta,M,1998-10-13,25,Age 25-34,Bengaluru,2018-08-03,50000,Below 1L
C0737,Aarav Gupta,M,2003-11-19,20,Age 18-24,Chennai,2021-12-26,500000,3L+
C0738,Kavya Das,M,1971-03-21,52,Age 45-54,Chennai,2022-08-14,75000,Below 1L
C0739,Rahul Mehta,M,1996-03-23,27,Age 25-34,Ahmedabad,2022-02-21,500000,3L+
C0740,Arjun Reddy,F,1958-09-08,65,Age 55+,Hyderabad,2018-09-04,200000,1L-3L
C0741,Anjali Malhotra,Unknown,1987-11-22,36,Age 35-44,Hyderabad,2020-01-07,50000,Below 1L
C0742,Unknown,F,1989-03-06,34,Age 25-34,Mumbai,2018-11-12,100000,1L-3L
C0743,Amit Nair,F,1979-10-26,44,Age 35-44,Ahmedabad,2018-02-24,50000,Below 1L
C0744,Meera Gupta,M,1959-08-17,64,Age 55+,Delhi,2018-04-24,150000,1L-3L
C0745,Isha Mehta,F,1984-04-24,39,Age 35-44,Kolkata,2019-02-11,75000,Below 1L
C0746,Rohan Singh,F,1970-07-08,53,Age 45-54,Delhi,2021-10-16,50000,Below 1L
C0747,Pooja Gupta,M,1997-08-06,26,Age 25-34,Pune,2020-03-15,300000,3L+
C0748,Amit Joshi,F,1975-04-11,48,Age 45-54,Bengaluru,2018-12-19,50000,Below 1L
C0749,Vikram Gupta,M,1987-08-14,36,Age 35-44,Bengaluru,2020-04-10,200000,1L-3L
C0750,Rahul Kapoor,M,1994-09-28,29,Age 25-34,Hyderabad,2018-07-28,200000,1L-3L
C0751,Kavya Malhotra,M,1995-08-27,28,Age 25-34,Ahmedabad,2020-01-24,150000,1L-3L
C0752,Sanjay Singh,F,1985-10-08,38,Age 35-44,Lucknow,2019-10-01,150000,1L-3L
C0753,Vivaan Sharma,F,2004-09-02,19,Age 18-24,Pune,2022-07-16,500000,3L+
C0754,Rohan Iyer,F,1973-02-18,50,Age 45-54,Mumbai,2021-04-05,100000,1L-3L
C0755,Arjun Singh,M,,,Unknown,Chennai,2019-12-15,500000,3L+
C0756,Isha Das,M,1987-08-25,36,Age 35-44,Bengaluru,2021-03-26,500000,3L+
C0757,Anjali Joshi,F,2003-11-01,20,Age 18-24,Delhi,2021-12-11,200000,1L-3L
C0758,Vivaan Patel,F,1975-12-20,48,Age 45-54,Jaipur,2022-04-26,300000,3L+
C0759,Aditya Mehta,F,1961-09-22,62,Age 55+,Kolkata,2018-02-13,100000,1L-3L
C0760,Sneha Mehta,M,1981-06-06,42,Age 35-44,Jaipur,2018-09-23,500000,3L+
C0761,Amit Gupta,F,1973-09-04,50,Age 45-54,Ahmedabad,2022-12-07,500000,3L+
C0762,Sanjay Reddy,F,1975-09-22,48,Age 45-54,Pune,2020-01-03,100000,1L-3L
C0763,Anjali Iyer,F,1990-09-27,33,Age 25-34,Delhi,2021-12-18,300000,3L+
C0764,Meera Chopra,F,1986-10-12,37,Age 35-44,Delhi,2019-08-03,50000,Below 1L
C0765,Neha Chopra,M,1976-02-04,47,Age 45-54,Bengaluru,2020-02-23,75000,Below 1L
C0766,Kavya Gupta,M,1991-11-01,32,Age 25-34,Chennai,2021-11-18,75000,Below 1L
C0767,Kavya Reddy,F,1986-12-21,37,Age 35-44,Mumbai,2020-04-03,50000,Below 1L
C0768,Sanjay Malhotra,F,1984-10-11,39,Age 35-44,Kolkata,2021-10-22,300000,3L+
C0769,Riya Malhotra,F,1987-05-19,36,Age 35-44,Bengaluru,2020-03-26,100000,1L-3L
C0770,Sanjay Iyer,F,1976-01-05,47,Age 45-54,Kolkata,2020-08-06,200000,1L-3L
C0771,Rahul Das,F,,,Unknown,Bengaluru,2019-04-04,50000,Below 1L
C0772,Priya Mehta,M,1986-05-12,37,Age 35-44,Bengaluru,2019-09-23,50000,Below 1L
C0773,Priya Reddy,M,1981-08-18,42,Age 35-44,Bengaluru,2022-05-04,50000,Below 1L
C0774,Neha Chopra,F,1967-08-11,56,Age 55+,Bengaluru,2018-12-18,200000,1L-3L
C0775,Priya Joshi,F,1988-05-25,35,Age 35-44,Lucknow,2019-10-24,150000,1L-3L
C0776,Priya Das,F,2004-08-02,19,Age 18-24,Bengaluru,2022-02-10,50000,Below 1L
C0777,Neha Mehta,M,1986-06-03,37,Age 35-44,Kolkata,2018-10-21,75000,Below 1L
C0778,Isha Khan,M,1975-04-01,48,Age 45-54,Delhi,2022-08-22,300000,3L+
C0779,Aditya Khan,F,1970-08-11,53,Age 45-54,Lucknow,2022-09-02,300000,3L+
C0780,Anjali Nair,M,2003-07-12,20,Age 18-24,Pune,2020-01-10,100000,1L-3L
C0781,Anjali Patel,F,1993-02-07,30,Age 25-34,Ahmedabad,2021-08-10,75000,Below 1L
C0782,Pooja Das,F,1966-10-20,57,Age 55+,Delhi,2019-04-10,150000,1L-3L
C0783,Riya Reddy,M,1995-07-03,28,Age 25-34,Mumbai,2021-11-09,150000,1L-3L
C0784,Rahul Khan,F,,,Unknown,Bengaluru,2019-03-27,150000,1L-3L
C0785,Arjun Khan,F,1960-05-27,63,Age 55+,Lucknow,2020-08-18,300000,3L+
C0786,Sneha Singh,M,1958-03-09,65,Age 55+,Chennai,2021-02-21,300000,3L+
C0787,Arjun Nair,M,1989-12-21,34,Age 25-34,Hyderabad,2018-02-25,100000,1L-3L
C0788,Kavya Verma,F,1995-08-19,28,Age 25-34,Pune,2020-11-22,150000,1L-3L
C0789,Rohan Reddy,M,1974-03-19,49,Age 45-54,Mumbai,2019-06-15,300000,3L+
C0790,Karan Reddy,M,1961-05-12,62,Age 55+,Pune,2020-01-10,100000,1L-3L
C0791,Riya Joshi,M,1990-04-25,33,Age 25-34,Bengaluru,2018-10-25,75000,Below 1L
C0792,Meera Reddy,F,,,Unknown,Kolkata,2018-09-19,100000,1L-3L
C0793,Karan Sharma,M,1991-05-12,32,Age 25-34,Ahmedabad,2021-06-06,50000,Below 1L
C0794,Amit Gupta,M,1970-09-20,53,Age 45-54,Jaipur,2022-12-18,300000,3L+
C0795,Rohan Nair,F,1962-02-27,61,Age 55+,Bengaluru,2018-08-12,100000,1L-3L
C0796,Anjali Gupta,F,1996-09-25,27,Age 25-34,Kolkata,2019-12-10,50000,Below 1L
C0797,Rohan Singh,M,2002-03-23,21,Age 18-24,Hyderabad,2020-03-07,75000,Below 1L
C0798,Aditya Nair,M,1962-01-25,61,Age 55+,Ahmedabad,2021-01-07,50000,Below 1L
C0799,Vivaan Kapoor,M,1988-02-09,35,Age 35-44,Mumbai,2018-05-22,50000,Below 1L
C0800,Rohan Kapoor,M,1996-04-19,27,Age 25-34,Hyderabad,2019-11-12,50000,Below 1L
C0801,Aditya Gupta,F,1995-06-12,28,Age 25-34,Bengaluru,2022-12-20,75000,Below 1L
C0802,Riya Mehta,M,1964-10-25,59,Age 55+,Mumbai,2022-04-23,75000,Below 1L
C0803,Arjun Gupta,M,2004-02-07,19,Age 18-24,Jaipur,2021-06-23,200000,1L-3L
C0804,Rahul Iyer,M,1969-06-13,54,Age 45-54,Pune,2019-09-08,150000,1L-3L
C0805,Rohan Kapoor,F,1965-08-04,58,Age 55+,Jaipur,2019-08-25,100000,1L-3L
C0806,Arjun Khan,M,1963-06-16,60,Age 55+,Delhi,2021-05-15,200000,1L-3L
C0807,Arjun Joshi,F,1972-09-14,51,Age 45-54,Chennai,2021-04-28,50000,Below 1L
C0808,Kavya Joshi,M,1969-01-22,54,Age 45-54,Ahmedabad,2018-07-15,200000,1L-3L
C0809,Aditya Verma,M,1983-07-23,40,Age 35-44,Lucknow,2018-12-06,50000,Below 1L
C0810,Anjali Singh,F,1970-10-28,53,Age 45-54,Pune,2018-04-27,150000,1L-3L
C0811,Kavya Patel,F,1999-07-12,24,Age 18-24,Ahmedabad,2022-07-16,200000,1L-3L
C0812,Vikram Gupta,F,1964-02-09,59,Age 55+,Ahmedabad,2021-04-21,75000,Below 1L
C0813,Aarav Verma,M,1962-08-22,61,Age 55+,Mumbai,2019-07-20,300000,3L+
C0814,Priya Gupta,F,1997-10-04,26,Age 25-34,Delhi,2022-08-26,150000,1L-3L
C0815,Amit Patel,F,1989-09-09,34,Age 25-34,Jaipur,2020-09-18,50000,Below 1L
C0816,Vivaan Nair,M,1982-08-11,41,Age 35-44,Pune,2021-08-02,50000,Below 1L
C0817,Rahul Khan,F,2003-03-16,20,Age 18-24,Pune,2019-05-23,150000,1L-3L
C0818,Kavya Kapoor,M,1994-11-16,29,Age 25-34,Jaipur,2022-10-16,150000,1L-3L
C0819,Meera Malhotra,M,1990-01-13,33,Age 25-34,Chennai,2021-10-13,200000,1L-3L
C0820,Anjali Kapoor,F,1978-01-01,45,Age 45-54,Lucknow,2018-03-27,100000,1L-3L
C0821,Anjali Kapoor,M,1998-06-13,25,Age 25-34,Delhi,2021-06-12,150000,1L-3L
C0822,Anjali Sharma,M,1973-04-21,50,Age 45-54,Chennai,2022-02-23,50000,Below 1L
C0823,Arjun Verma,F,1968-01-18,55,Age 55+,Kolkata,2018-08-22,500000,3L+
C0824,Pooja Mehta,F,1975-01-23,48,Age 45-54,Ahmedabad,2022-01-11,150000,1L-3L
C0825,Isha Nair,F,1994-02-26,29,Age 25-34,Ahmedabad,2018-12-22,75000,Below 1L
C0826,Priya Iyer,M,1968-10-10,55,Age 55+,Kolkata,2021-04-16,300000,3L+
C0827,Aditya Malhotra,M,1976-05-02,47,Age 45-54,Chennai,2022-07-26,75000,Below 1L
C0828,Divya Das,M,2003-10-04,20,Age 18-24,Lucknow,2020-05-03,200000,1L-3L
C0829,Riya Iyer,F,1971-06-26,52,Age 45-54,Delhi,2020-09-26,100000,1L-3L
C0830,Pooja Joshi,F,1970-07-13,53,Age 45-54,Chennai,2022-09-15,300000,3L+
C0831,Meera Gupta,M,1998-12-17,25,Age 25-34,Bengaluru,2022-08-07,300000,3L+
C0832,Sneha Patel,F,1994-12-21,29,Age 25-34,Mumbai,2022-04-12,150000,1L-3L
C0833,Karan Singh,M,2001-05-28,22,Age 18-24,Pune,2021-06-28,500000,3L+
C0834,Aditya Joshi,M,1984-05-27,39,Age 35-44,Chennai,2019-05-22,200000,1L-3L
C0835,Sanjay Nair,M,,,Unknown,Mumbai,2019-05-15,150000,1L-3L
C0836,Meera Nair,F,1999-01-07,24,Age 18-24,Bengaluru,2020-03-01,100000,1L-3L
C0837,Vikram Joshi,M,1999-01-24,24,Age 18-24,Ahmedabad,2018-01-28,50000,Below 1L
C0838,Priya Mehta,F,1962-07-12,61,Age 55+,Delhi,2021-12-27,75000,Below 1L
C0839,Sanjay Verma,M,1991-11-27,32,Age 25-34,Lucknow,2022-05-16,50000,Below 1L
C0840,Sanjay Mehta,M,1978-06-27,45,Age 45-54,Lucknow,2021-12-24,75000,Below 1L
C0841,Pooja Singh,M,1964-03-07,59,Age 55+,Chennai,2021-07-09,500000,3L+
C0842,Isha Sharma,F,1992-06-23,31,Age 25-34,Delhi,2020-09-14,150000,1L-3L
C0843,Sanjay Patel,M,1981-08-23,42,Age 35-44,Kolkata,2020-01-21,200000,1L-3L
C0844,Vivaan Malhotra,M,2002-11-08,21,Age 18-24,Chennai,2022-07-10,300000,3L+
C0845,Anjali Chopra,M,1992-04-28,31,Age 25-34,Ahmedabad,2021-01-13,100000,1L-3L
C0846,Arjun Verma,M,1977-04-28,46,Age 45-54,Bengaluru,2021-11-11,500000,3L+
C0847,Pooja Kapoor,F,1975-02-27,48,Age 45-54,Ahmedabad,2021-12-14,500000,3L+
C0848,Priya Das,F,1964-03-23,59,Age 55+,Chennai,2022-02-12,150000,1L-3L
C0849,Divya Das,F,1987-12-01,36,Age 35-44,Mumbai,2019-11-15,500000,3L+
C0850,Karan Sharma,F,1970-11-10,53,Age 45-54,Kolkata,2022-02-04,75000,Below 1L
C0851,Sanjay Khan,F,1996-11-14,27,Age 25-34,Kolkata,2021-08-28,300000,3L+
C0852,Karan Patel,M,2001-10-27,22,Age 18-24,Kolkata,2020-04-03,150000,1L-3L
C0853,Anjali Gupta,F,1982-10-08,41,Age 35-44,Mumbai,2018-09-21,200000,1L-3L
C0854,Sanjay Chopra,M,1987-04-09,36,Age 35-44,Bengaluru,2018-07-20,150000,1L-3L
C0855,Divya Patel,M,1963-06-06,60,Age 55+,Lucknow,2018-01-23,200000,1L-3L
C0856,Pooja Kapoor,F,2001-08-04,22,Age 18-24,Hyderabad,2019-04-28,500000,3L+
C0857,Vikram Patel,F,1982-03-14,41,Age 35-44,Hyderabad,2022-04-27,100000,1L-3L
C0858,Unknown,M,1984-03-01,39,Age 35-44,Chennai,2020-04-20,150000,1L-3L
C0859,Sanjay Reddy,F,1963-01-16,60,Age 55+,Bengaluru,2020-12-13,300000,3L+
C0860,Amit Das,F,2003-07-24,20,Age 18-24,Lucknow,2020-02-04,200000,1L-3L
C0861,Vivaan Sharma,F,1973-08-12,50,Age 45-54,Lucknow,2022-12-24,500000,3L+
C0862,Vivaan Sharma,F,1990-10-13,33,Age 25-34,Chennai,2021-11-12,75000,Below 1L
C0863,Meera Sharma,F,1974-03-17,49,Age 45-54,Ahmedabad,2020-08-05,50000,Below 1L
C0864,Priya Das,F,1967-05-04,56,Age 55+,Kolkata,2018-03-16,500000,3L+
C0865,Vikram Das,F,1985-05-09,38,Age 35-44,Lucknow,2020-09-11,150000,1L-3L
C0866,Rahul Reddy,F,1967-09-28,56,Age 55+,Ahmedabad,2018-04-05,50000,Below 1L
C0867,Sanjay Gupta,M,1988-05-06,35,Age 35-44,Ahmedabad,2021-02-16,50000,Below 1L
C0868,Sneha Reddy,F,1987-08-04,36,Age 35-44,Bengaluru,2018-06-03,75000,Below 1L
C0869,Arjun Gupta,M,1990-05-19,33,Age 25-34,Lucknow,2019-10-01,200000,1L-3L
C0870,Isha Gupta,F,1962-04-25,61,Age 55+,Ahmedabad,2018-06-01,100000,1L-3L
C0871,Rohan Nair,F,1995-02-27,28,Age 25-34,Kolkata,2019-01-03,150000,1L-3L
C0872,Kavya Iyer,F,1996-11-01,27,Age 25-34,Kolkata,2018-11-20,150000,1L-3L
C0873,Priya Das,M,1971-01-26,52,Age 45-54,Chennai,2020-01-24,50000,Below 1L
C0874,Meera Mehta,F,1963-07-09,60,Age 55+,Bengaluru,2019-07-03,50000,Below 1L
C0875,Amit Gupta,F,1983-05-21,40,Age 35-44,Bengaluru,2018-05-16,500000,3L+
C0876,Pooja Das,F,2001-10-05,22,Age 18-24,Kolkata,2018-06-17,75000,Below 1L
C0877,Kavya Iyer,M,1988-05-19,35,Age 35-44,Lucknow,2021-02-25,150000,1L-3L
C0878,Anjali Mehta,M,1985-11-14,38,Age 35-44,Delhi,2018-09-11,150000,1L-3L
C0879,Sanjay Joshi,M,1989-09-21,34,Age 25-34,Jaipur,2018-05-15,150000,1L-3L
C0880,Aditya Chopra,F,1977-03-05,46,Age 45-54,Chennai,2019-09-14,100000,1L-3L
C0881,Isha Sharma,M,1960-09-04,63,Age 55+,Jaipur,2021-07-04,150000,1L-3L
C0882,Isha Malhotra,F,1980-05-19,43,Age 35-44,Delhi,2022-01-04,300000,3L+
C0883,Sneha Gupta,M,1983-01-03,40,Age 35-44,Pune,2020-06-19,300000,3L+
C0884,Sneha Kapoor,F,1997-05-11,26,Age 25-34,Bengaluru,2019-03-03,300000,3L+
C0885,Divya Patel,Unknown,1985-09-01,38,Age 35-44,Mumbai,2021-02-01,75000,Below 1L
C0886,Kavya Iyer,F,2000-12-20,23,Age 18-24,Ahmedabad,2020-10-27,200000,1L-3L
C0887,Anjali Das,F,1977-02-05,46,Age 45-54,Bengaluru,2018-04-04,500000,3L+
C0888,Aarav Das,M,1959-04-16,64,Age 55+,Bengaluru,2019-07-27,,Unknown
C0889,Meera Singh,M,1977-08-05,46,Age 45-54,Ahmedabad,2021-01-04,75000,Below 1L
C0890,Karan Das,F,1989-08-01,34,Age 25-34,Ahmedabad,2022-04-07,100000,1L-3L
C0891,Isha Malhotra,F,1961-06-01,62,Age 55+,Delhi,2021-07-28,150000,1L-3L
C0892,Isha Mehta,F,1960-08-13,63,Age 55+,Ahmedabad,2022-10-24,200000,1L-3L
C0893,Kavya Singh,M,1991-01-14,32,Age 25-34,Lucknow,2020-09-03,100000,1L-3L
C0894,Pooja Chopra,F,1965-08-20,58,Age 55+,Kolkata,2021-12-14,50000,Below 1L
C0895,Rahul Patel,Unknown,1988-06-15,35,Age 35-44,Hyderabad,2022-04-19,300000,3L+
C0896,Priya Chopra,F,1966-05-24,57,Age 55+,Pune,2021-11-21,300000,3L+
C0897,Anjali Kapoor,F,1968-10-07,55,Age 55+,Chennai,2018-11-16,,Unknown
C0898,Rahul Singh,M,1996-08-04,27,Age 25-34,Pune,2021-05-08,75000,Below 1L
C0899,Meera Sharma,M,1980-05-12,43,Age 35-44,Bengaluru,2019-09-02,,Unknown
C0900,Aditya Reddy,F,1965-10-08,58,Age 55+,Delhi,2022-04-16,100000,1L-3L
C0901,Priya Kapoor,F,1960-09-09,63,Age 55+,Bengaluru,2022-10-22,50000,Below 1L
C0902,Vivaan Chopra,F,1987-02-04,36,Age 35-44,Lucknow,2022-02-27,200000,1L-3L
C0903,Vivaan Khan,M,1968-11-04,55,Age 55+,Hyderabad,2020-03-24,100000,1L-3L
C0904,Sneha Kapoor,F,2004-02-05,19,Age 18-24,Kolkata,2020-03-04,500000,3L+
C0905,Amit Iyer,F,1958-04-27,65,Age 55+,Ahmedabad,2020-05-17,75000,Below 1L
C0906,Aditya Patel,F,2003-07-12,20,Age 18-24,Hyderabad,2019-09-14,500000,3L+
C0907,Sanjay Gupta,F,1984-07-15,39,Age 35-44,Jaipur,2020-01-15,75000,Below 1L
C0908,Aarav Das,M,1963-06-11,60,Age 55+,Pune,2019-07-02,150000,1L-3L
C0909,Vivaan Joshi,M,1994-01-21,29,Age 25-34,Jaipur,2020-07-13,,Unknown
C0910,Meera Malhotra,F,2004-12-11,19,Age 18-24,Kolkata,2018-05-17,200000,1L-3L
C0911,Karan Das,M,1986-11-07,37,Age 35-44,Jaipur,2022-10-21,150000,1L-3L
C0912,Anjali Chopra,F,1970-05-03,53,Age 45-54,Mumbai,2022-06-13,300000,3L+
C0913,Karan Khan,F,1971-02-17,52,Age 45-54,Jaipur,2020-09-11,500000,3L+
C0914,Rahul Sharma,M,1992-10-09,31,Age 25-34,Hyderabad,2020-12-14,200000,1L-3L
C0915,Rohan Das,M,1981-05-21,42,Age 35-44,Jaipur,2020-02-02,500000,3L+
C0916,Rohan Iyer,F,1994-12-01,29,Age 25-34,Ahmedabad,2020-04-26,300000,3L+
C0917,Isha Mehta,M,,,Unknown,Lucknow,2019-12-13,200000,1L-3L
C0918,Sanjay Verma,F,1991-10-07,32,Age 25-34,Kolkata,2021-02-05,300000,3L+
C0919,Pooja Malhotra,F,1963-02-02,60,Age 55+,Pune,2019-08-07,150000,1L-3L
C0920,Aditya Reddy,F,1995-09-17,28,Age 25-34,Pune,2020-10-16,300000,3L+
C0921,Pooja Iyer,M,2004-07-27,19,Age 18-24,Bengaluru,2019-09-05,150000,1L-3L
C0922,Sneha Gupta,M,2002-04-15,21,Age 18-24,Ahmedabad,2018-12-06,200000,1L-3L
C0923,Anjali Chopra,M,1996-07-04,27,Age 25-34,Delhi,2020-10-10,50000,Below 1L
C0924,Riya Gupta,M,1981-05-12,42,Age 35-44,Chennai,2020-08-01,500000,3L+
C0925,Karan Gupta,F,1961-05-10,62,Age 55+,Hyderabad,2019-12-16,50000,Below 1L
C0926,Rohan Khan,F,1962-01-14,61,Age 55+,Ahmedabad,2022-05-19,150000,1L-3L
C0927,Priya Kapoor,M,1988-12-27,35,Age 35-44,Lucknow,2019-03-17,300000,3L+
C0928,Sneha Kapoor,F,2000-08-05,23,Age 18-24,Kolkata,2018-10-22,200000,1L-3L
C0929,Pooja Nair,Unknown,1983-06-18,40,Age 35-44,Mumbai,2021-12-09,300000,3L+
C0930,Aditya Malhotra,M,2003-01-19,20,Age 18-24,Chennai,2022-11-04,300000,3L+
C0931,Meera Verma,M,1997-09-19,26,Age 25-34,Mumbai,2022-09-07,500000,3L+
C0932,Kavya Khan,M,1965-11-18,58,Age 55+,Bengaluru,2018-05-26,75000,Below 1L
C0933,Sanjay Malhotra,F,1963-09-20,60,Age 55+,Kolkata,2021-10-02,150000,1L-3L
C0934,Aarav Reddy,F,1969-07-01,54,Age 45-54,Jaipur,2020-07-09,50000,Below 1L
C0935,Rohan Verma,M,1976-03-06,47,Age 45-54,Chennai,2018-03-10,150000,1L-3L
C0936,Rahul Sharma,F,1969-01-23,54,Age 45-54,Mumbai,2020-07-04,100000,1L-3L
C0937,Karan Nair,M,1974-07-27,49,Age 45-54,Delhi,2018-04-08,500000,3L+
C0938,Divya Mehta,M,1989-09-25,34,Age 25-34,Jaipur,2021-02-09,50000,Below 1L
C0939,Priya Iyer,F,1962-08-01,61,Age 55+,Pune,2019-01-09,200000,1L-3L
C0940,Isha Joshi,M,1973-09-21,50,Age 45-54,Bengaluru,2020-10-14,150000,1L-3L
C0941,Aditya Malhotra,M,1967-06-18,56,Age 55+,Bengaluru,2019-09-14,200000,1L-3L
C0942,Sneha Sharma,M,1987-10-10,36,Age 35-44,Bengaluru,2018-01-16,100000,1L-3L
C0943,Divya Patel,F,1980-11-07,43,Age 35-44,Lucknow,2022-05-02,75000,Below 1L
C0944,Meera Mehta,M,1977-02-13,46,Age 45-54,Delhi,2019-12-18,100000,1L-3L
C0945,Pooja Singh,F,2001-06-21,22,Age 18-24,Chennai,2021-05-08,,Unknown
C0946,Priya Reddy,M,1987-10-11,36,Age 35-44,Mumbai,2019-11-01,200000,1L-3L
C0947,Kavya Sharma,M,2001-03-14,22,Age 18-24,Jaipur,2021-07-18,50000,Below 1L
C0948,Aditya Khan,M,2000-08-22,23,Age 18-24,Delhi,2020-07-27,200000,1L-3L
C0949,Anjali Nair,M,2002-01-04,21,Age 18-24,Ahmedabad,2020-04-15,50000,Below 1L
C0950,Sanjay Das,M,1975-11-23,48,Age 45-54,Kolkata,2019-02-27,200000,1L-3L
C0951,Arjun Kapoor,M,1972-08-12,51,Age 45-54,Mumbai,2020-08-23,300000,3L+
C0952,Divya Singh,M,1970-11-13,53,Age 45-54,Delhi,2020-10-17,150000,1L-3L
C0953,Rahul Khan,M,2000-12-19,23,Age 18-24,Lucknow,2022-03-03,200000,1L-3L
C0954,Karan Das,M,1966-05-19,57,Age 55+,Hyderabad,2022-12-26,100000,1L-3L
C0955,Amit Malhotra,M,2002-11-18,21,Age 18-24,Lucknow,2020-11-18,150000,1L-3L
C0956,Aarav Nair,M,1978-07-28,45,Age 45-54,Pune,2020-02-22,200000,1L-3L
C0957,Sneha Iyer,F,1991-01-24,32,Age 25-34,Hyderabad,2018-05-14,200000,1L-3L
C0958,Sneha Reddy,M,1983-04-11,40,Age 35-44,Delhi,2022-01-24,75000,Below 1L
C0959,Pooja Verma,Unknown,1970-03-11,53,Age 45-54,Chennai,2018-11-21,50000,Below 1L
C0960,Aarav Iyer,M,1959-10-26,64,Age 55+,Kolkata,2020-04-04,150000,1L-3L
C0961,Sanjay Reddy,M,1979-09-26,44,Age 35-44,Hyderabad,2018-10-20,150000,1L-3L
C0962,Rohan Joshi,Unknown,1995-02-03,28,Age 25-34,Mumbai,2018-07-11,500000,3L+
C0963,Aditya Kapoor,M,1961-08-02,62,Age 55+,Chennai,2022-11-14,50000,Below 1L
C0964,Rohan Joshi,Unknown,1993-01-10,30,Age 25-34,Pune,2021-02-20,500000,3L+
C0965,Pooja Singh,M,1987-07-15,36,Age 35-44,Pune,2022-10-04,100000,1L-3L
C0966,Aarav Iyer,F,1995-04-04,28,Age 25-34,Delhi,2018-10-23,50000,Below 1L
C0967,Isha Kapoor,F,1994-03-21,29,Age 25-34,Jaipur,2020-06-14,150000,1L-3L
C0968,Divya Iyer,M,1973-03-26,50,Age 45-54,Mumbai,2018-03-10,200000,1L-3L
C0969,Pooja Khan,F,1977-10-18,46,Age 45-54,Bengaluru,2019-08-10,200000,1L-3L
C0970,Priya Patel,F,1958-09-19,65,Age 55+,Bengaluru,2018-04-17,500000,3L+
C0971,Meera Malhotra,M,1985-06-07,38,Age 35-44,Hyderabad,2019-02-11,75000,Below 1L
C0972,Kavya Das,F,1996-12-11,27,Age 25-34,Lucknow,2022-06-20,,Unknown
C0973,Pooja Reddy,M,1964-08-26,59,Age 55+,Mumbai,2021-04-01,300000,3L+
C0974,Sanjay Das,M,1987-10-07,36,Age 35-44,Hyderabad,2021-12-25,,Unknown
C0975,Priya Kapoor,F,1971-07-06,52,Age 45-54,Mumbai,2020-01-03,100000,1L-3L
C0976,Aarav Khan,M,1967-05-15,56,Age 55+,Hyderabad,2022-06-02,50000,Below 1L
C0977,Amit Singh,F,1969-04-09,54,Age 45-54,Bengaluru,2020-09-08,75000,Below 1L
C0978,Amit Sharma,M,1974-02-01,49,Age 45-54,Bengaluru,2021-11-26,50000,Below 1L
C0979,Priya Chopra,M,1977-08-08,46,Age 45-54,Kolkata,2020-11-06,200000,1L-3L
C0980,Divya Chopra,F,2003-02-04,20,Age 18-24,Bengaluru,2019-04-07,200000,1L-3L
C0981,Neha Das,F,1978-10-14,45,Age 45-54,Hyderabad,2018-10-19,75000,Below 1L
C0982,Meera Patel,M,1978-04-02,45,Age 45-54,Chennai,2019-09-19,150000,1L-3L
C0983,Amit Das,M,1988-11-20,35,Age 35-44,Delhi,2019-09-13,500000,3L+
C0984,Riya Reddy,F,1991-08-06,32,Age 25-34,Kolkata,2020-09-23,150000,1L-3L
C0985,Kavya Iyer,F,1995-07-21,28,Age 25-34,Lucknow,2018-04-08,75000,Below 1L
C0986,Sneha Malhotra,M,1983-04-10,40,Age 35-44,Pune,2021-10-06,500000,3L+
C0987,Anjali Patel,M,1966-02-10,57,Age 55+,Ahmedabad,2022-06-08,200000,1L-3L
C0988,Vivaan Iyer,F,1985-08-15,38,Age 35-44,Pune,2021-06-26,150000,1L-3L
C0989,Priya Patel,F,1959-03-15,64,Age 55+,Hyderabad,2020-11-03,100000,1L-3L
C0990,Aditya Patel,M,1975-04-04,48,Age 45-54,Delhi,2018-06-02,200000,1L-3L
C0991,Amit Reddy,M,2001-06-09,22,Age 18-24,Chennai,2020-04-23,200000,1L-3L
C0992,Karan Malhotra,F,1958-05-10,65,Age 55+,Kolkata,2021-07-27,200000,1L-3L
C0993,Aarav Iyer,M,1983-04-08,40,Age 35-44,Hyderabad,2021-04-17,200000,1L-3L
C0994,Meera Kapoor,F,2004-08-11,19,Age 18-24,Delhi,2020-04-14,500000,3L+
C0995,Pooja Singh,F,1986-09-01,37,Age 35-44,Kolkata,2019-10-28,75000,Below 1L
C0996,Arjun Das,M,1989-11-27,34,Age 25-34,Kolkata,2020-04-14,150000,1L-3L
C0997,Neha Kapoor,F,1978-10-01,45,Age 45-54,Lucknow,2018-03-05,100000,1L-3L
C0998,Isha Joshi,F,1982-04-13,41,Age 35-44,Delhi,2022-07-07,150000,1L-3L
C0999,Rohan Reddy,F,1998-05-03,25,Age 25-34,Bengaluru,2018-11-18,75000,Below 1L
C1000,Vivaan Malhotra,F,1959-03-07,64,Age 55+,Delhi,2021-05-07,75000,Below 1L
